,title,runtime,rating,genre,summary,gross,release_year,matches,category,nominee,oscar_year,winner
0,Jojo Rabbit,108 min,PG-13,"Comedy, Drama, War",A young German boy in the Hitler Youth whose hero and imaginary friend is the country's dictator is shocked to discover that his mother is hiding a Jewish girl in their home.,"349,555.00",2019,Jojo Rabbit,Best Picture,Jojo Rabbit,2020,0
1,Sound of Metal,120 min,R,"Drama, Music",A heavy-metal drummer's life is thrown into freefall when he begins to lose his hearing.,"516,520.00",2019,Sound of Metal,Best Picture,Sound of Metal,2020,0
2,Marriage Story,137 min,R,"Drama, Romance",Noah Baumbach's incisive and compassionate look at a marriage breaking up and a family staying together.,"2,000,000.00",2019,Marriage Story,Best Picture,Marriage Story,2020,0
3,The Irishman,209 min,R,"Biography, Crime, Drama",Hitman Frank Sheeran looks back at the secrets he kept as a loyal member of the Bufalino crime family.,"7,000,000.00",2019,The Irishman,Best Picture,The Irishman,2020,0
4,Parasite,132 min,R,"Comedy, Drama, Thriller",Greed and class discrimination threaten the newly formed symbiotic relationship between the wealthy Park family and the destitute Kim clan.,"53,367,844.00",2019,Parasite,Best Picture,Parasite,2020,1
5,Little Women,135 min,PG,"Drama, Romance","Jo March reflects back and forth on her life, telling the beloved story of the March sisters - four young women, each determined to live life on her own terms.","108,101,214.00",2019,Little Women,Best Picture,Little Women,2020,0
6,Ford v Ferrari,152 min,PG-13,"Action, Biography, Drama",American car designer Carroll Shelby and driver Ken Miles battle corporate interference and the laws of physics to build a revolutionary race car for Ford in order to defeat Ferrari at the 24 Hours of Le Mans in 1966.,"117,624,028.00",2019,Ford v Ferrari,Best Picture,Ford v Ferrari,2020,0
7,Once Upon a Time... In Hollywood,161 min,R,"Comedy, Drama",A faded television actor and his stunt double strive to achieve fame and success in the final years of Hollywood's Golden Age in 1969 Los Angeles.,"142,502,728.00",2019,Once upon a Time...in Hollywood,Best Picture,Once upon a Time...in Hollywood,2020,0
8,1917,119 min,R,"Action, Drama, War","April 6th, 1917. As an infantry battalion assembles to wage war deep in enemy territory, two soldiers are assigned to race against time and deliver a message that will stop 1,600 men from walking straight into a deadly trap.","159,227,644.00",2019,1917,Best Picture,1917,2020,0
9,Joker,122 min,R,"Crime, Drama, Thriller",A mentally troubled stand-up comedian embarks on a downward spiral that leads to the creation of an iconic villain.,"335,451,311.00",2019,Joker,Best Picture,Joker,2020,0
10,Roma,135 min,R,Drama,A year in the life of a middle-class family's maid in Mexico City in the early 1970s.,"1,140,769.00",2018,Roma,Best Picture,Roma,2019,0
11,The Favourite,119 min,R,"Biography, Comedy, Drama","In early 18th-century England, the status quo at the court is upset when a new servant arrives and endears herself to a frail Queen Anne.","34,366,783.00",2018,The Favourite,Best Picture,The Favourite,2019,0
12,Vice,132 min,R,"Biography, Comedy, Drama","The story of Dick Cheney, an unassuming bureaucratic Washington insider, who quietly wielded immense power as Vice President to George W. Bush, reshaping the country and the globe in ways that are still felt today.","47,836,282.00",2018,Vice,Best Picture,Vice,2019,0
13,BlacKkKlansman,135 min,R,"Biography, Comedy, Crime","Ron Stallworth, an African American police officer from Colorado Springs, CO, successfully manages to infiltrate the local Ku Klux Klan branch with the help of a Jewish surrogate who eventually becomes its leader. Based on actual events.","49,275,340.00",2018,BlacKkKlansman,Best Picture,BlacKkKlansman,2019,0
14,Green Book,130 min,PG-13,"Biography, Comedy, Drama",A working-class Italian-American bouncer becomes the driver for an African-American classical pianist on a tour of venues through the 1960s American South.,"85,080,171.00",2018,Green Book,Best Picture,Green Book,2019,1
15,A Star Is Born,136 min,R,"Drama, Music, Romance",A musician helps a young singer find fame as age and alcoholism send his own career into a downward spiral.,"215,288,866.00",2018,A Star Is Born,Best Picture,A Star Is Born,2019,0
16,Bohemian Rhapsody,134 min,PG-13,"Biography, Drama, Music","The story of the legendary British rock band Queen and lead singer Freddie Mercury, leading up to their famous performance at Live Aid (1985).","216,428,042.00",2018,Bohemian Rhapsody,Best Picture,Bohemian Rhapsody,2019,0
17,Black Panther,134 min,PG-13,"Action, Adventure, Sci-Fi","T'Challa, heir to the hidden but advanced kingdom of Wakanda, must step forward to lead his people into a new future and must confront a challenger from his country's past.","700,059,566.00",2018,Black Panther,Best Picture,Black Panther,2019,0
18,Call Me by Your Name,132 min,R,"Drama, Romance","In 1980s Italy, romance blossoms between a seventeen-year-old student and the older man hired as his father's research assistant.","18,095,701.00",2017,Call Me by Your Name,Best Picture,Call Me by Your Name,2018,0
19,Phantom Thread,130 min,R,"Drama, Romance","Set in 1950s London, Reynolds Woodcock is a renowned dressmaker whose fastidious life is disrupted by a young, strong-willed woman, Alma, who becomes his muse and lover.","21,198,205.00",2017,Phantom Thread,Best Picture,Phantom Thread,2018,0
20,Lady Bird,94 min,R,"Comedy, Drama","In 2002, an artistically inclined seventeen-year-old girl comes of age in Sacramento, California.","48,958,273.00",2017,Lady Bird,Best Picture,Lady Bird,2018,0
21,"Three Billboards Outside Ebbing, Missouri",115 min,R,"Comedy, Crime, Drama",A mother personally challenges the local authorities to solve her daughter's murder when they fail to catch the culprit.,"54,513,740.00",2017,"Three Billboards outside Ebbing, Missouri",Best Picture,"Three Billboards outside Ebbing, Missouri",2018,0
22,Darkest Hour,125 min,PG-13,"Biography, Drama, War","In May 1940, the fate of World War II hangs on Winston Churchill, who must decide whether to negotiate with Adolf Hitler, or fight on knowing that it could mean the end of the British Empire.","56,468,410.00",2017,Darkest Hour,Best Picture,Darkest Hour,2018,0
23,The Shape of Water,123 min,R,"Drama, Fantasy, Romance","At a top secret research facility in the 1960s, a lonely janitor forms a unique relationship with an amphibious creature that is being held in captivity.","63,859,435.00",2017,The Shape of Water,Best Picture,The Shape of Water,2018,1
24,The Post,116 min,PG-13,Drama,A cover-up spanning four U.S. Presidents pushes the country's first female newspaper publisher and her editor to join an unprecedented battle between press and government.,"81,903,458.00",2017,The Post,Best Picture,The Post,2018,0
25,Get Out,104 min,R,"Horror, Mystery, Thriller","A young African-American visits his white girlfriend's parents for the weekend, where his simmering uneasiness about their reception of him eventually reaches a boiling point.","176,040,665.00",2017,Get Out,Best Picture,Get Out,2018,0
26,Dunkirk,106 min,PG-13,"Action, Drama, History","Allied soldiers from Belgium, the British Commonwealth and Empire, and France are surrounded by the German Army and evacuated during a fierce battle in World War II.","188,373,161.00",2017,Dunkirk,Best Picture,Dunkirk,2018,0
27,Hell or High Water,102 min,R,"Crime, Drama, Thriller",A divorced father and his ex-con older brother resort to a desperate scheme in order to save their family's ranch in West Texas.,"26,862,450.00",2016,Hell or High Water,Best Picture,Hell or High Water,2017,0
28,Moonlight,111 min,R,Drama,"A young African-American man grapples with his identity and sexuality while experiencing the everyday struggles of childhood, adolescence, and burgeoning adulthood.","27,854,932.00",2016,Moonlight,Best Picture,Moonlight,2017,1
29,Manchester by the Sea,137 min,R,Drama,A depressed uncle is asked to take care of his teenage nephew after the boy's father dies.,"47,695,371.00",2016,Manchester by the Sea,Best Picture,Manchester by the Sea,2017,0
30,Lion,118 min,PG-13,"Biography, Drama","A five-year-old Indian boy is adopted by an Australian couple after getting lost hundreds of kilometers from home. 25 years later, he sets out to find his lost family.","51,739,495.00",2016,Lion,Best Picture,Lion,2017,0
31,Fences,139 min,PG-13,Drama,"A working-class African-American father tries to raise his family in the 1950s, while coming to terms with the events of his life.","57,642,961.00",2016,Fences,Best Picture,Fences,2017,0
32,Hacksaw Ridge,139 min,R,"Biography, Drama, History","World War II American Army Medic Desmond T. Doss, who served during the Battle of Okinawa, refuses to kill people and becomes the first man in American history to receive the Medal of Honor without firing a shot.","67,209,615.00",2016,Hacksaw Ridge,Best Picture,Hacksaw Ridge,2017,0
33,Arrival,116 min,PG-13,"Drama, Mystery, Sci-Fi",A linguist works with the military to communicate with alien lifeforms after twelve mysterious spacecraft appear around the world.,"100,546,139.00",2016,Arrival,Best Picture,Arrival,2017,0
34,La La Land,128 min,PG-13,"Comedy, Drama, Music","While navigating their careers in Los Angeles, a pianist and an actress fall in love while attempting to reconcile their aspirations for the future.","151,101,803.00",2016,La La Land,Best Picture,La La Land,2017,0
35,Hidden Figures,127 min,PG,"Biography, Drama, History",The story of a team of female African-American mathematicians who served a vital role in NASA during the early years of the U.S. space program.,"169,607,287.00",2016,Hidden Figures,Best Picture,Hidden Figures,2017,0
36,Room,118 min,R,"Drama, Thriller","Held captive for 7 years in an enclosed space, a woman and her young son finally gain their freedom, allowing the boy to experience the outside world for the first time.","14,677,674.00",2015,Room,Best Picture,Room,2016,0
37,Brooklyn,117 min,PG-13,"Drama, Romance","An Irish immigrant lands in 1950s Brooklyn, where she quickly falls into a romance with a local. When her past catches up with her, however, she must choose between two countries and the lives that exist within.","38,322,743.00",2015,Brooklyn,Best Picture,Brooklyn,2016,0
38,Spotlight,129 min,R,"Biography, Crime, Drama","The true story of how the Boston Globe uncovered the massive scandal of child molestation and cover-up within the local Catholic Archdiocese, shaking the entire Catholic Church to its core.","45,055,776.00",2015,Spotlight,Best Picture,Spotlight,2016,1
39,The Big Short,130 min,R,"Biography, Comedy, Drama","In 2006-2007 a group of investors bet against the US mortgage market. In their research, they discover how flawed and corrupt the market is.","70,259,870.00",2015,The Big Short,Best Picture,The Big Short,2016,0
40,Bridge of Spies,142 min,PG-13,"Drama, History, Thriller","During the Cold War, an American lawyer is recruited to defend an arrested Soviet spy in court, and then help the CIA facilitate an exchange of the spy for the Soviet captured American U2 spy plane pilot, Francis Gary Powers.","72,313,754.00",2015,Bridge of Spies,Best Picture,Bridge of Spies,2016,0
41,Mad Max: Fury Road,120 min,R,"Action, Adventure, Sci-Fi","In a post-apocalyptic wasteland, a woman rebels against a tyrannical ruler in search for her homeland with the aid of a group of female prisoners, a psychotic worshiper, and a drifter named Max.","154,058,340.00",2015,Mad Max: Fury Road,Best Picture,Mad Max: Fury Road,2016,0
42,The Revenant,156 min,R,"Action, Adventure, Drama",A frontiersman on a fur trading expedition in the 1820s fights for survival after being mauled by a bear and left for dead by members of his own hunting team.,"183,637,894.00",2015,The Revenant,Best Picture,The Revenant,2016,0
43,The Martian,144 min,PG-13,"Adventure, Drama, Sci-Fi","An astronaut becomes stranded on Mars after his team assume him dead, and must rely on his ingenuity to find a way to signal to Earth that he is alive and can survive until a potential rescue.","228,433,663.00",2015,The Martian,Best Picture,The Martian,2016,0
44,Whiplash,106 min,R,"Drama, Music",A promising young drummer enrolls at a cut-throat music conservatory where his dreams of greatness are mentored by an instructor who will stop at nothing to realize a student's potential.,"13,092,000.00",2014,Whiplash,Best Picture,Whiplash,2015,0
45,Boyhood,165 min,R,Drama,"The life of Mason, from early childhood to his arrival at college.","25,379,975.00",2014,Boyhood,Best Picture,Boyhood,2015,0
46,The Theory of Everything,123 min,PG-13,"Biography, Drama, Romance",A look at the relationship between the famous physicist Stephen Hawking and his wife.,"35,893,537.00",2014,The Theory of Everything,Best Picture,The Theory of Everything,2015,0
47,Birdman or ,119 min,R,"Comedy, Drama","A washed-up superhero actor attempts to revive his fading career by writing, directing, and starring in a Broadway production.","42,340,598.00",2014,Birdman or (The Unexpected Virtue of Ignorance),Best Picture,Birdman or (The Unexpected Virtue of Ignorance),2015,1
48,Selma,128 min,PG-13,"Biography, Drama, History","A chronicle of Dr. Martin Luther King, Jr.'s campaign to secure equal voting rights via an epic march from Selma to Montgomery, Alabama, in 1965.","52,076,908.00",2014,Selma,Best Picture,Selma,2015,0
49,The Grand Budapest Hotel,99 min,R,"Adventure, Comedy, Crime","A writer encounters the owner of an aging high-class hotel, who tells him of his early years serving as a lobby boy in the hotel's glorious years under an exceptional concierge.","59,100,318.00",2014,The Grand Budapest Hotel,Best Picture,The Grand Budapest Hotel,2015,0
50,The Imitation Game,114 min,PG-13,"Biography, Drama, Thriller","During World War II, the English mathematical genius Alan Turing tries to crack the German Enigma code with help from fellow mathematicians while attempting to come to terms with his troubled private life.","91,125,683.00",2014,The Imitation Game,Best Picture,The Imitation Game,2015,0
51,American Sniper,133 min,R,"Action, Biography, Drama","Navy S.E.A.L. sniper Chris Kyle's pinpoint accuracy saves countless lives on the battlefield and turns him into a legend. Back home with his family after four tours of duty, however, Chris finds that it is the war he can't leave behind.","350,126,372.00",2014,American Sniper,Best Picture,American Sniper,2015,0
52,Nebraska,115 min,R,"Adventure, Comedy, Drama","An aging, booze-addled father makes the trip from Montana to Nebraska with his estranged son in order to claim a million-dollar Mega Sweepstakes Marketing prize.","17,654,912.00",2013,Nebraska,Best Picture,Nebraska,2014,0
53,Her,126 min,R,"Drama, Romance, Sci-Fi","In a near future, a lonely writer develops an unlikely relationship with an operating system designed to meet his every need.","25,568,251.00",2013,Her,Best Picture,Her,2014,0
54,Dallas Buyers Club,117 min,R,"Biography, Drama","In 1985 Dallas, electrician and hustler Ron Woodroof works around the system to help AIDS patients get the medication they need after he is diagnosed with the disease.","27,298,285.00",2013,Dallas Buyers Club,Best Picture,Dallas Buyers Club,2014,0
55,Philomena,98 min,PG-13,"Biography, Comedy, Drama","A world-weary political journalist picks up the story of a woman's search for her son, who was taken away from her decades ago after she became pregnant and was forced to live in a convent.","37,707,719.00",2013,Philomena,Best Picture,Philomena,2014,0
56,12 Years a Slave,134 min,R,"Biography, Drama, History","In the antebellum United States, Solomon Northup, a free black man from upstate New York, is abducted and sold into slavery.","56,671,993.00",2013,12 Years a Slave,Best Picture,12 Years a Slave,2014,1
57,Captain Phillips,134 min,PG-13,"Action, Biography, Crime","The true story of Captain Richard Phillips and the 2009 hijacking by Somali pirates of the U.S.-flagged MV Maersk Alabama, the first American cargo ship to be hijacked in two hundred years.","107,100,855.00",2013,Captain Phillips,Best Picture,Captain Phillips,2014,0
58,The Wolf of Wall Street,180 min,R,"Biography, Comedy, Crime","Based on the true story of Jordan Belfort, from his rise to a wealthy stock-broker living the high life to his fall involving crime, corruption and the federal government.","116,900,694.00",2013,The Wolf of Wall Street,Best Picture,The Wolf of Wall Street,2014,0
59,American Hustle,138 min,R,"Crime, Drama","A con man, Irving Rosenfeld, along with his seductive partner Sydney Prosser, is forced to work for a wild F.B.I. Agent, Richie DiMaso, who pushes them into a world of Jersey powerbrokers and the Mafia.","150,117,807.00",2013,American Hustle,Best Picture,American Hustle,2014,0
60,Gravity,91 min,PG-13,"Sci-Fi, Thriller",Two astronauts work together to survive after an accident leaves them stranded in space.,"274,092,705.00",2013,Gravity,Best Picture,Gravity,2014,0
61,Amour,127 min,PG-13,Drama,"Georges and Anne are an octogenarian couple. They are cultivated, retired music teachers. Their daughter, also a musician, lives in Britain with her family. One day, Anne has a stroke, and the couple's bond of love is severely tested.","6,739,492.00",2012,Amour,Best Picture,Amour,2013,0
62,Beasts of the Southern Wild,93 min,PG-13,"Adventure, Drama, Fantasy","Faced with both her hot-tempered father's fading health and melting ice-caps that flood her ramshackle bayou community and unleash ancient aurochs, six-year-old Hushpuppy must learn the ways of courage and love.","12,795,746.00",2012,Beasts of the Southern Wild,Best Picture,Beasts of the Southern Wild,2013,0
63,Zero Dark Thirty,157 min,R,"Drama, History, Thriller","A chronicle of the decade-long hunt for al-Qaeda terrorist leader Osama bin Laden after the September 2001 attacks, and his death at the hands of the Navy S.E.A.L.s Team 6 in May 2011.","95,720,716.00",2012,Zero Dark Thirty,Best Picture,Zero Dark Thirty,2013,0
64,Life of Pi,127 min,PG,"Adventure, Drama, Fantasy","A young man who survives a disaster at sea is hurtled into an epic journey of adventure and discovery. While cast away, he forms an unexpected connection with another survivor: a fearsome Bengal tiger.","124,987,023.00",2012,Life of Pi,Best Picture,Life of Pi,2013,0
65,Silver Linings Playbook,122 min,R,"Comedy, Drama, Romance","After a stint in a mental institution, former teacher Pat Solitano moves back in with his parents and tries to reconcile with his ex-wife. Things get more challenging when Pat meets Tiffany, a mysterious girl with problems of her own.","132,092,958.00",2012,Silver Linings Playbook,Best Picture,Silver Linings Playbook,2013,0
66,Argo,120 min,R,"Biography, Drama, Thriller","Acting under the cover of a Hollywood producer scouting a location for a science fiction film, a CIA agent launches a dangerous operation to rescue six Americans in Tehran during the U.S. hostage crisis in Iran in 1979.","136,025,503.00",2012,Argo,Best Picture,Argo,2013,1
67,Les Misérables,158 min,PG-13,"Drama, Musical, Romance","In 19th-century France, Jean Valjean, who for decades has been hunted by the ruthless policeman Javert after breaking parole, agrees to care for a factory worker's daughter. The decision changes their lives forever.","148,809,770.00",2012,Les Mis_rables,Best Picture,Les Mis_rables,2013,0
68,Django Unchained,165 min,R,"Drama, Western","With the help of a German bounty-hunter, a freed slave sets out to rescue his wife from a brutal plantation-owner in Mississippi.","162,805,434.00",2012,Django Unchained,Best Picture,Django Unchained,2013,0
69,Lincoln,150 min,PG-13,"Biography, Drama, History","As the American Civil War continues to rage, America's president struggles with continuing carnage on the battlefield as he fights with many inside his own cabinet on the decision to emancipate the slaves.","182,207,973.00",2012,Lincoln,Best Picture,Lincoln,2013,0
70,The Tree of Life,139 min,PG-13,"Drama, Fantasy","The story of a family in Waco, Texas in The eldest son witnesses the loss of innocence and struggles with his parents' conflicting teachings.","13,303,319.00",2011,The Tree of Life,Best Picture,The Tree of Life,2012,0
71,Extremely Loud & Incredibly Close,129 min,PG-13,"Adventure, Drama, Mystery","A nine-year-old amateur inventor, Francophile, and pacifist searches New York City for the lock that matches a mysterious key left behind by his father, who died in the World Trade Center on September 11, 2001.","31,847,881.00",2011,Extremely Loud & Incredibly Close,Best Picture,Extremely Loud & Incredibly Close,2012,0
72,The Artist,100 min,PG-13,"Comedy, Drama, Romance",An egomaniacal film star develops a relationship with a young dancer against the backdrop of Hollywood's silent era.,"44,671,682.00",2011,The Artist,Best Picture,The Artist,2012,1
73,Midnight in Paris,94 min,PG-13,"Comedy, Fantasy, Romance","While on a trip to Paris with his fiancée's family, a nostalgic screenwriter finds himself mysteriously going back to the 1920s every day at midnight.","56,816,662.00",2011,Midnight in Paris,Best Picture,Midnight in Paris,2012,0
74,Hugo,126 min,PG,"Adventure, Drama, Family","In 1931 Paris, an orphan living in the walls of a train station gets wrapped up in a mystery involving his late father and an automaton.","73,864,507.00",2011,Hugo,Best Picture,Hugo,2012,0
75,Moneyball,133 min,PG-13,"Biography, Drama, Sport",Oakland A's general manager Billy Beane's successful attempt to assemble a baseball team on a lean budget by employing computer-generated analysis to acquire new players.,"75,605,492.00",2011,Moneyball,Best Picture,Moneyball,2012,0
76,War Horse,146 min,PG-13,"Action, Adventure, Drama",Young Albert enlists to serve in World War I after his beloved horse is sold to the cavalry. Albert's hopeful journey takes him out of England and to the front lines as the war rages on.,"79,884,879.00",2011,War Horse,Best Picture,War Horse,2012,0
77,The Descendants,115 min,R,"Comedy, Drama",A land baron tries to reconnect with his two daughters after his wife is seriously injured in a boating accident.,"82,584,160.00",2011,The Descendants,Best Picture,The Descendants,2012,0
78,The Help,146 min,PG-13,Drama,"An aspiring author during the civil rights movement of the 1960s decides to write a book detailing the African American maids' point of view on the white families for which they work, and the hardships they go through on a daily basis.","169,708,112.00",2011,The Help,Best Picture,The Help,2012,0
79,Winter's Bone,100 min,R,"Drama, Mystery",An unflinching Ozark Mountain girl hacks through dangerous social terrain as she hunts down her drug-dealing father while trying to keep her family intact.,"6,531,503.00",2010,Winter's Bone,Best Picture,Winter's Bone,2011,0
80,127 Hours,94 min,R,"Biography, Drama","A mountain climber becomes trapped under a boulder while canyoneering alone near Moab, Utah and resorts to desperate measures in order to survive.","18,335,230.00",2010,127 Hours,Best Picture,127 Hours,2011,0
81,The Kids Are All Right,106 min,R,"Comedy, Drama, Romance",Two children conceived by artificial insemination bring their biological father into their non-traditional family life.,"20,811,365.00",2010,The Kids Are All Right,Best Picture,The Kids Are All Right,2011,0
82,The Fighter,116 min,R,"Action, Biography, Drama","Based on the story of Micky Ward, a fledgling boxer who tries to escape the shadow of his more famous but troubled older boxing brother and get his own shot at greatness.","93,617,009.00",2010,The Fighter,Best Picture,The Fighter,2011,0
83,The Social Network,120 min,PG-13,"Biography, Drama","As Harvard student Mark Zuckerberg creates the social networking site that would become known as Facebook, he is sued by the twins who claimed he stole their idea, and by the co-founder who was later squeezed out of the business.","96,962,694.00",2010,The Social Network,Best Picture,The Social Network,2011,0
84,Black Swan,108 min,R,"Drama, Thriller","A committed dancer struggles to maintain her sanity after winning the lead role in a production of Tchaikovsky's ""Swan Lake"".","106,954,678.00",2010,Black Swan,Best Picture,Black Swan,2011,0
85,The King's Speech,118 min,R,"Biography, Drama, History","The story of King George VI, his impromptu ascension to the throne of the British Empire in 1936, and the speech therapist who helped the unsure monarch overcome his stammer.","138,797,449.00",2010,The King's Speech,Best Picture,The King's Speech,2011,1
86,True Grit,110 min,PG-13,"Drama, Western",A stubborn teenager enlists the help of a tough U.S. Marshal to track down her father's murderer.,"171,243,005.00",2010,True Grit,Best Picture,True Grit,2011,0
87,Inception,148 min,PG-13,"Action, Adventure, Sci-Fi","A thief who steals corporate secrets through the use of dream-sharing technology is given the inverse task of planting an idea into the mind of a C.E.O., but his tragic past may doom the project and his team to disaster.","292,576,195.00",2010,Inception,Best Picture,Inception,2011,0
88,Toy Story 3,103 min,G,"Animation, Adventure, Comedy","The toys are mistakenly delivered to a day-care center instead of the attic right before Andy leaves for college, and it's up to Woody to convince the other toys that they weren't abandoned and to return home.","415,004,880.00",2010,Toy Story 3,Best Picture,Toy Story 3,2011,0
89,A Serious Man,106 min,R,"Comedy, Drama","Larry Gopnik, a Midwestern physics teacher, watches his life unravel over multiple sudden incidents. Though seeking meaning and answers amidst his turmoils, he seems to keep sinking.","9,190,525.00",2009,A Serious Man,Best Picture,A Serious Man,2010,0
90,An Education,100 min,PG-13,Drama,"A coming-of-age story about a teenage girl in 1960s suburban London, and how her life changes with the arrival of a playboy nearly twice her age.","12,574,715.00",2009,An Education,Best Picture,An Education,2010,0
91,The Hurt Locker,131 min,R,"Drama, Thriller, War","During the Iraq War, a Sergeant recently assigned to an army bomb squad is put at odds with his squad mates due to his maverick way of handling his work.","17,017,811.00",2008,The Hurt Locker,Best Picture,The Hurt Locker,2010,1
92,Precious,110 min,R,Drama,"In New York City's Harlem circa 1987, an overweight, abused, illiterate teen who is pregnant with her second child is invited to enroll in an alternative school in hopes that she can re-route her life in a better direction.","47,395,661.00",2009,Precious: Based on the Novel 'Push' by Sapphire,Best Picture,Precious: Based on the Novel 'Push' by Sapphire,2010,0
93,Up in the Air,109 min,R,"Comedy, Drama, Romance","Ryan Bingham enjoys living out of a suitcase for his job, travelling around the country firing people, but finds that lifestyle threatened by the presence of a potential love interest, and a new hire presenting a new business model.","83,823,381.00",2009,Up in the Air,Best Picture,Up in the Air,2010,0
94,District 9,112 min,R,"Action, Sci-Fi, Thriller",Violence ensues after an extraterrestrial race forced to live in slum-like conditions on Earth finds a kindred spirit in a government agent exposed to their biotechnology.,"115,646,235.00",2009,District 9,Best Picture,District 9,2010,0
95,Inglourious Basterds,153 min,R,"Adventure, Drama, War","In Nazi-occupied France during World War II, a plan to assassinate Nazi leaders by a group of Jewish U.S. soldiers coincides with a theatre owner's vengeful plans for the same.","120,540,719.00",2009,Inglourious Basterds,Best Picture,Inglourious Basterds,2010,0
96,The Blind Side,129 min,PG-13,"Biography, Drama, Sport","The story of Michael Oher, a homeless and traumatized boy who became an All-American football player and first-round NFL draft pick with the help of a caring woman and her family.","255,959,475.00",2009,The Blind Side,Best Picture,The Blind Side,2010,0
97,Up,96 min,PG,"Animation, Adventure, Comedy","78-year-old Carl Fredricksen travels to Paradise Falls in his house equipped with balloons, inadvertently taking a young stowaway.","293,004,164.00",2009,Up,Best Picture,Up,2010,0
98,Avatar,162 min,PG-13,"Action, Adventure, Fantasy",A paraplegic Marine dispatched to the moon Pandora on a unique mission becomes torn between following his orders and protecting the world he feels is his home.,"760,507,625.00",2009,Avatar,Best Picture,Avatar,2010,0
99,Frost/Nixon,122 min,R,"Biography, Drama, History",A dramatic retelling of the post-Watergate television interviews between British talk-show host David Frost and former president Richard Nixon.,"18,593,156.00",2008,Frost/Nixon,Best Picture,Frost/Nixon,2009,0
100,Milk,128 min,R,"Biography, Crime, Drama",The story of Harvey Milk and his struggles as an American gay activist who fought for gay rights and became California's first openly gay elected official.,"31,841,299.00",2008,Milk,Best Picture,Milk,2009,0
101,The Reader,124 min,R,"Drama, Romance","Post-WWII Germany: Nearly a decade after his affair with an older woman came to a mysterious end, law student Michael Berg re-encounters his former lover as she defends herself in a war-crime trial.","34,194,407.00",2008,The Reader,Best Picture,The Reader,2009,0
102,The Curious Case of Benjamin Button,166 min,PG-13,"Drama, Fantasy, Romance","Tells the story of Benjamin Button, a man who starts aging backwards with consequences.","127,509,326.00",2008,The Curious Case of Benjamin Button,Best Picture,The Curious Case of Benjamin Button,2009,0
103,Slumdog Millionaire,120 min,R,"Crime, Drama, Romance","A Mumbai teenager reflects on his life after being accused of cheating on the Indian version of ""Who Wants to be a Millionaire?"".","141,319,928.00",2008,Slumdog Millionaire,Best Picture,Slumdog Millionaire,2009,1
104,There Will Be Blood,158 min,R,Drama,"A story of family, religion, hatred, oil and madness, focusing on a turn-of-the-century prospector in the early days of the business.","40,222,514.00",2007,There Will Be Blood,Best Picture,There Will Be Blood,2008,0
105,Michael Clayton,119 min,R,"Crime, Drama, Mystery","A law firm brings in its ""fixer"" to remedy the situation after a lawyer has a breakdown while representing a chemical company that he knows is guilty in a multibillion-dollar class action suit.","49,033,882.00",2007,Michael Clayton,Best Picture,Michael Clayton,2008,0
106,Atonement,123 min,R,"Drama, Mystery, Romance",Thirteen-year-old fledgling writer Briony Tallis irrevocably changes the course of several lives when she accuses her older sister's lover of a crime he did not commit.,"50,927,067.00",2007,Atonement,Best Picture,Atonement,2008,0
107,No Country for Old Men,122 min,R,"Crime, Drama, Thriller",Violence and mayhem ensue after a hunter stumbles upon a drug deal gone wrong and more than two million dollars in cash near the Rio Grande.,"74,283,625.00",2007,No Country for Old Men,Best Picture,No Country for Old Men,2008,1
108,Juno,96 min,PG-13,"Comedy, Drama","Faced with an unplanned pregnancy, an offbeat young woman makes an unusual decision regarding the unborn child.","143,495,265.00",2007,Juno,Best Picture,Juno,2008,0
109,Letters from Iwo Jima,141 min,R,"Action, Adventure, Drama","The story of the battle of Iwo Jima between the United States and Imperial Japan during World War II, as told from the perspective of the Japanese who fought it.","13,756,082.00",2006,Letters from Iwo Jima,Best Picture,Letters from Iwo Jima,2007,0
110,Babel,143 min,R,Drama,"Tragedy strikes a married couple on vacation in the Moroccan desert, touching off an interlocking story involving four different families.","34,302,837.00",2006,Babel,Best Picture,Babel,2007,0
111,The Queen,103 min,PG-13,"Biography, Drama","After the death of Princess Diana, Queen Elizabeth II struggles with her reaction to a sequence of events nobody could have predicted.","56,441,711.00",2006,The Queen,Best Picture,The Queen,2007,0
112,Little Miss Sunshine,101 min,R,"Comedy, Drama",A family determined to get their young daughter into the finals of a beauty pageant take a cross-country trip in their VW bus.,"59,891,098.00",2006,Little Miss Sunshine,Best Picture,Little Miss Sunshine,2007,0
113,The Departed,151 min,R,"Crime, Drama, Thriller",An undercover cop and a mole in the police attempt to identify each other while infiltrating an Irish gang in South Boston.,"132,384,315.00",2006,The Departed,Best Picture,The Departed,2007,1
114,Capote,114 min,R,"Biography, Crime, Drama","In 1959, Truman Capote learns of the murder of a Kansas family and decides to write a book about the case. While researching for his novel In Cold Blood, Capote forms a relationship with one of the killers, Perry Smith, who is on death row.","28,747,570.00",2005,Capote,Best Picture,Capote,2006,0
115,"Good Night, and Good Luck.",93 min,PG,"Biography, Drama, History",Broadcast journalist Edward R. Murrow looks to bring down Senator Joseph McCarthy.,"31,501,218.00",2005,"Good Night, and Good Luck.",Best Picture,"Good Night, and Good Luck.",2006,0
116,Munich,164 min,R,"Action, Drama, History","After the Black September capture and massacre of Israeli athletes at the 1972 Olympics, five men are chosen to eliminate the people responsible for that fateful day.","47,403,685.00",2005,Munich,Best Picture,Munich,2006,0
117,Crash,112 min,R,"Crime, Drama, Thriller","Los Angeles citizens with vastly separate lives collide in interweaving stories of race, loss and redemption.","54,580,300.00",2004,Crash,Best Picture,Crash,2006,1
118,Brokeback Mountain,134 min,R,"Drama, Romance",Ennis and Jack are two shepherds who develop a sexual and emotional relationship. Their relationship becomes complicated when both of them get married to their respective girlfriends.,"83,043,761.00",2005,Brokeback Mountain,Best Picture,Brokeback Mountain,2006,0
119,Finding Neverland,106 min,PG,"Biography, Drama, Family",The story of Sir J.M. Barrie's friendship with a family who inspired him to create Peter Pan.,"51,680,613.00",2004,Finding Neverland,Best Picture,Finding Neverland,2005,0
120,Sideways,127 min,R,"Comedy, Drama, Romance","Two men reaching middle age with not much to show but disappointment embark on a week-long road trip through California's wine country, just as one is about to take a trip down the aisle.","71,503,593.00",2004,Sideways,Best Picture,Sideways,2005,0
121,Ray,152 min,PG-13,"Biography, Drama, Music","The story of the life and career of the legendary rhythm and blues musician Ray Charles, from his humble beginnings in the South, where he went blind at age seven, to his meteoric rise to stardom during the 1950s and 1960s.","75,331,600.00",2004,Ray,Best Picture,Ray,2005,0
122,Million Dollar Baby,132 min,PG-13,"Drama, Sport",A determined woman works with a hardened boxing trainer to become a professional.,"100,492,203.00",2004,Million Dollar Baby,Best Picture,Million Dollar Baby,2005,1
123,The Aviator,170 min,PG-13,"Biography, Drama",A biopic depicting the early years of legendary director and aviator Howard Hughes' career from the late 1920s to the mid 1940s.,"102,608,827.00",2004,The Aviator,Best Picture,The Aviator,2005,0
124,Lost in Translation,102 min,R,"Comedy, Drama",A faded movie star and a neglected young woman form an unlikely bond after crossing paths in Tokyo.,"44,585,453.00",2003,Lost in Translation,Best Picture,Lost in Translation,2004,0
125,Mystic River,138 min,R,"Crime, Drama, Mystery",The lives of three men who were childhood friends are shattered when one of them has a family tragedy.,"90,135,191.00",2003,Mystic River,Best Picture,Mystic River,2004,0
126,Master and Commander: The Far Side of the World,138 min,PG-13,"Action, Adventure, Drama","During the Napoleonic Wars, a brash British captain pushes his ship and crew to their limits in pursuit of a formidable French war vessel around South America.","93,927,920.00",2003,Master and Commander: The Far Side of the World,Best Picture,Master and Commander: The Far Side of the World,2004,0
127,Seabiscuit,140 min,PG-13,"Drama, History, Sport",True story of the undersized Depression-era racehorse whose victories lifted not only the spirits of the team behind it but also those of their nation.,"120,277,854.00",2003,Seabiscuit,Best Picture,Seabiscuit,2004,0
128,The Lord of the Rings: The Return of the King,201 min,PG-13,"Action, Adventure, Drama",Gandalf and Aragorn lead the World of Men against Sauron's army to draw his gaze from Frodo and Sam as they approach Mount Doom with the One Ring.,"377,845,905.00",2003,The Lord of the Rings: The Return of the King,Best Picture,The Lord of the Rings: The Return of the King,2004,1
129,The Pianist,150 min,R,"Biography, Drama, Music",A Polish Jewish musician struggles to survive the destruction of the Warsaw ghetto of World War II.,"32,572,577.00",2002,The Pianist,Best Picture,The Pianist,2003,0
130,The Hours,110 min,PG-13,"Drama, Romance","The story of how the novel ""Mrs. Dalloway"" affects three generations of women, all of whom, in one way or another, have had to deal with suicide in their lives.","41,675,994.00",2002,The Hours,Best Picture,The Hours,2003,0
131,Gangs of New York,167 min,R,"Crime, Drama","In 1862, Amsterdam Vallon returns to the Five Points area of New York City seeking revenge against Bill the Butcher, his father's killer.","77,812,000.00",2002,Gangs of New York,Best Picture,Gangs of New York,2003,0
132,Chicago,113 min,PG-13,"Comedy, Crime, Musical","Two death-row murderesses develop a fierce rivalry while competing for publicity, celebrity, and a sleazy lawyer's attention.","170,687,518.00",2002,Chicago,Best Picture,Chicago,2003,1
133,The Lord of the Rings: The Two Towers,179 min,PG-13,"Action, Adventure, Drama","While Frodo and Sam edge closer to Mordor with the help of the shifty Gollum, the divided fellowship makes a stand against Sauron's new ally, Saruman, and his hordes of Isengard.","342,551,365.00",2002,The Lord of the Rings: The Two Towers,Best Picture,The Lord of the Rings: The Two Towers,2003,0
134,In the Bedroom,131 min,R,"Crime, Drama",A New England couple's college-aged son dates an older woman who has two small children and an unwelcome ex-husband.,"35,930,604.00",2001,In the Bedroom,Best Picture,In the Bedroom,2002,0
135,Gosford Park,137 min,R,"Comedy, Drama, Mystery","Set in the 1930s, this movie brings a group of pretentious rich and famous together for a weekend of relaxation at a hunting resort. But when a murder occurs, each one of these interesting characters becomes a suspect.","41,308,615.00",2001,Gosford Park,Best Picture,Gosford Park,2002,0
136,Moulin Rouge!,127 min,PG-13,"Drama, Musical, Romance",A poor Bohemian poet in 1890s Paris falls for a beautiful courtesan and nightclub star coveted by a jealous duke.,"57,386,607.00",2001,Moulin Rouge,Best Picture,Moulin Rouge,2002,0
137,A Beautiful Mind,135 min,PG-13,"Biography, Drama","After John Nash, a brilliant but asocial mathematician, accepts secret work in cryptography, his life takes a turn for the nightmarish.","170,742,341.00",2001,A Beautiful Mind,Best Picture,A Beautiful Mind,2002,1
138,The Lord of the Rings: The Fellowship of the Ring,178 min,PG-13,"Action, Adventure, Drama",A meek Hobbit from the Shire and eight companions set out on a journey to destroy the powerful One Ring and save Middle-earth from the Dark Lord Sauron.,"315,544,750.00",2001,The Lord of the Rings: The Fellowship of the Ring,Best Picture,The Lord of the Rings: The Fellowship of the Ring,2002,0
139,Chocolat,121 min,PG-13,"Drama, Romance",A French woman and her young daughter open up a chocolate shop in a small remote village that shakes up the rigid morality of the community.,"71,509,363.00",2000,Chocolat,Best Picture,Chocolat,2001,0
140,Traffic,147 min,R,"Crime, Drama, Thriller","A conservative judge is appointed by the President to spearhead America's escalating war against drugs, only to discover that his teenage daughter is a crack addict. Two DEA agents protect an informant. A jailed drug baron's wife attempts to carry on the family business.","124,115,725.00",2000,Traffic,Best Picture,Traffic,2001,0
141,Erin Brockovich,131 min,R,"Biography, Drama",An unemployed single mother becomes a legal assistant and almost single-handedly brings down a California power company accused of polluting a city's water supply.,"125,595,205.00",2000,Erin Brockovich,Best Picture,Erin Brockovich,2001,0
142,"Crouching Tiger, Hidden Dragon",120 min,PG-13,"Action, Adventure, Drama",A young Chinese warrior steals a sword from a famed swordsman and then escapes into a world of romantic adventure with a mysterious man in the frontier of the nation.,"128,078,872.00",2000,"Crouching Tiger, Hidden Dragon",Best Picture,"Crouching Tiger, Hidden Dragon",2001,0
143,Gladiator,155 min,R,"Action, Adventure, Drama",A former Roman General sets out to exact vengeance against the corrupt emperor who murdered his family and sent him into slavery.,"187,705,427.00",2000,Gladiator,Best Picture,Gladiator,2001,1
144,The Insider,157 min,R,"Biography, Drama, Thriller",A research chemist comes under personal and professional attack when he decides to appear in a 60 Minutes exposé on Big Tobacco.,"28,965,197.00",1999,The Insider,Best Picture,The Insider,2000,0
145,The Cider House Rules,126 min,PG-13,"Drama, Romance","A compassionate young man, raised in an orphanage and trained to be a doctor there, decides to leave to see the world.","57,545,092.00",1999,The Cider House Rules,Best Picture,The Cider House Rules,2000,0
146,American Beauty,122 min,R,Drama,A sexually frustrated suburban father has a mid-life crisis after becoming infatuated with his daughter's best friend.,"130,096,601.00",1999,American Beauty,Best Picture,American Beauty,2000,1
147,The Green Mile,189 min,R,"Crime, Drama, Fantasy","The lives of guards on Death Row are affected by one of their charges: a black man accused of child murder and rape, yet who has a mysterious gift.","136,801,374.00",1999,The Green Mile,Best Picture,The Green Mile,2000,0
148,The Sixth Sense,107 min,PG-13,"Drama, Mystery, Thriller","A frightened, withdrawn Philadelphia boy who communicates with spirits seeks the help of a disheartened child psychologist.","293,506,292.00",1999,The Sixth Sense,Best Picture,The Sixth Sense,2000,0
149,Elizabeth,124 min,R,"Biography, Drama, History",The early years of the reign of Elizabeth I of England and her difficult task of learning what is necessary to be a monarch.,"30,082,699.00",1998,Elizabeth,Best Picture,Elizabeth,1999,0
150,The Thin Red Line,170 min,R,"Drama, History, War","Adaptation of James Jones' autobiographical 1962 novel, focusing on the conflict at Guadalcanal during the second World War.","36,400,491.00",1998,The Thin Red Line,Best Picture,The Thin Red Line,1999,0
151,Life Is Beautiful,116 min,PG-13,"Comedy, Drama, Romance","When an open-minded Jewish waiter and his son become victims of the Holocaust, he uses a perfect mixture of will, humor, and imagination to protect his son from the dangers around their camp.","57,598,247.00",1997,Life Is Beautiful,Best Picture,Life Is Beautiful,1999,0
152,Shakespeare in Love,123 min,R,"Comedy, Drama, History","The world's greatest ever playwright, William Shakespeare, is young, out of ideas and short of cash, but meets his ideal woman and is inspired to write one of his most famous plays.","100,317,794.00",1998,Shakespeare in Love,Best Picture,Shakespeare in Love,1999,1
153,Saving Private Ryan,169 min,R,"Drama, War","Following the Normandy Landings, a group of U.S. soldiers go behind enemy lines to retrieve a paratrooper whose brothers have been killed in action.","216,540,909.00",1998,Saving Private Ryan,Best Picture,Saving Private Ryan,1999,0
154,The Full Monty,91 min,R,"Comedy, Drama","Six unemployed steel workers form a male striptease act. The women cheer them on to go for ""the full monty"" - total nudity.","45,950,122.00",1997,The Full Monty,Best Picture,The Full Monty,1998,0
155,L.A. Confidential,138 min,R,"Crime, Drama, Mystery","As corruption grows in 1950s Los Angeles, three policemen - one strait-laced, one brutal, and one sleazy - investigate a series of murders with their own brand of justice.","64,616,940.00",1997,L.A. Confidential,Best Picture,L.A. Confidential,1998,0
156,Good Will Hunting,126 min,R,"Drama, Romance","Will Hunting, a janitor at M.I.T., has a gift for mathematics, but needs help from a psychologist to find direction in his life.","138,433,435.00",1997,Good Will Hunting,Best Picture,Good Will Hunting,1998,0
157,As Good as It Gets,139 min,PG-13,"Comedy, Drama, Romance","A single mother and waitress, a misanthropic author, and a gay artist form an unlikely friendship after the artist is assaulted in a robbery.","148,478,011.00",1997,As Good as It Gets,Best Picture,As Good as It Gets,1998,0
158,Titanic,194 min,PG-13,"Drama, Romance","A seventeen-year-old aristocrat falls in love with a kind but poor artist aboard the luxurious, ill-fated R.M.S. Titanic.","659,325,379.00",1997,Titanic,Best Picture,Titanic,1998,1
159,Secrets & Lies,136 min,R,"Comedy, Drama","Following the death of her adoptive parents, a successful young black optometrist establishes contact with her biological mother -- a lonely white factory worker living in poverty in East London.","13,417,292.00",1996,Secrets & Lies,Best Picture,Secrets & Lies,1997,0
160,Fargo,98 min,R,"Crime, Thriller",Minnesota car salesman Jerry Lundegaard's inept crime falls apart due to his and his henchmen's bungling and the persistent police work of the quite pregnant Marge Gunderson.,"24,611,975.00",1996,Fargo,Best Picture,Fargo,1997,0
161,Shine,105 min,PG-13,"Biography, Drama, Music","Pianist David Helfgott, driven by his father and teachers, has a breakdown. Years later he returns to the piano, to popular if not critical acclaim.","35,811,509.00",1996,Shine,Best Picture,Shine,1997,0
162,The English Patient,162 min,R,"Drama, Romance, War","At the close of World War II, a young nurse tends to a badly-burned plane crash victim. His past is shown in flashbacks, revealing an involvement in a fateful love affair.","78,651,430.00",1996,The English Patient,Best Picture,The English Patient,1997,1
163,Jerry Maguire,139 min,R,"Comedy, Drama, Romance","When a sports agent has a moral epiphany and is fired for expressing it, he decides to put his new philosophy to the test as an independent agent with the only athlete who stays with him and his former colleague.","153,952,592.00",1996,Jerry Maguire,Best Picture,Jerry Maguire,1997,0
164,The Postman,108 min,PG,"Biography, Comedy, Drama","A simple Italian postman learns to love poetry while delivering mail to a famous poet, and then uses this to woo local beauty Beatrice.","21,848,932.00",1994,The Postman (Il Postino),Best Picture,The Postman (Il Postino),1996,0
165,Sense and Sensibility,136 min,PG,"Drama, Romance","Rich Mr. Dashwood dies, leaving his second wife and her three daughters poor by the rules of inheritance. The two eldest daughters are the title opposites.","43,182,776.00",1995,Sense and Sensibility,Best Picture,Sense and Sensibility,1996,0
166,Babe,91 min,G,"Comedy, Drama, Family","Babe, a pig raised by sheepdogs on a rural English farm, learns to herd sheep with a little help from Farmer Hoggett.","66,600,000.00",1995,Babe,Best Picture,Babe,1996,0
167,Braveheart,178 min,R,"Biography, Drama, History",Scottish warrior William Wallace leads his countrymen in a rebellion to free his homeland from the tyranny of King Edward I of England.,"75,600,000.00",1995,Braveheart,Best Picture,Braveheart,1996,1
168,Apollo 13,140 min,PG,"Adventure, Drama, History",NASA must devise a strategy to return Apollo 13 to Earth safely after the spacecraft undergoes massive internal damage putting the lives of the three astronauts on board in jeopardy.,"173,837,933.00",1995,Apollo 13,Best Picture,Apollo 13,1996,0
169,Quiz Show,133 min,PG-13,"Biography, Drama, History","A young lawyer, Richard Goodwin, investigates a potentially fixed game show. Charles Van Doren, a big time show winner, is under Goodwin's investigation.","24,822,619.00",1994,Quiz Show,Best Picture,Quiz Show,1995,0
170,The Shawshank Redemption,142 min,R,Drama,"Two imprisoned men bond over a number of years, finding solace and eventual redemption through acts of common decency.","28,341,469.00",1994,The Shawshank Redemption,Best Picture,The Shawshank Redemption,1995,0
171,Four Weddings and a Funeral,117 min,R,"Comedy, Drama, Romance","Over the course of five social occasions, a committed bachelor must consider the notion that he may have discovered love.","52,700,832.00",1994,Four Weddings and a Funeral,Best Picture,Four Weddings and a Funeral,1995,0
172,Pulp Fiction,154 min,R,"Crime, Drama","The lives of two mob hitmen, a boxer, a gangster and his wife, and a pair of diner bandits intertwine in four tales of violence and redemption.","107,928,762.00",1994,Pulp Fiction,Best Picture,Pulp Fiction,1995,0
173,Forrest Gump,142 min,PG-13,"Drama, Romance","The presidencies of Kennedy and Johnson, the Vietnam War, the Watergate scandal and other historical events unfold from the perspective of an Alabama man with an IQ of 75, whose only desire is to be reunited with his childhood sweetheart.","330,252,182.00",1994,Forrest Gump,Best Picture,Forrest Gump,1995,1
174,The Remains of the Day,134 min,PG,"Drama, Romance",A butler who sacrificed body and soul to service in the years leading up to World War II realizes too late how misguided his loyalty was to his lordly employer.,"22,954,968.00",1993,The Remains of the Day,Best Picture,The Remains of the Day,1994,0
175,In the Name of the Father,133 min,R,"Biography, Crime, Drama",A man's coerced confession to an I.R.A. bombing he did not commit results in the imprisonment of his father as well. An English lawyer fights to free them.,"25,010,410.00",1993,In the Name of the Father,Best Picture,In the Name of the Father,1994,0
176,The Piano,121 min,R,"Drama, Music, Romance","In the mid-19th century a mute woman is sent to New Zealand along with her young daughter and prized piano for an arranged marriage to a farmer, but is soon lusted after by a farm worker.","40,158,000.00",1993,The Piano,Best Picture,The Piano,1994,0
177,Schindler's List,195 min,R,"Biography, Drama, History","In German-occupied Poland during World War II, industrialist Oskar Schindler gradually becomes concerned for his Jewish workforce after witnessing their persecution by the Nazis.","96,898,818.00",1993,Schindler's List,Best Picture,Schindler's List,1994,1
178,The Fugitive,130 min,PG-13,"Action, Crime, Drama","Dr. Richard Kimble, unjustly accused of murdering his wife, must find the real killer while being the target of a nationwide manhunt led by a seasoned U.S. Marshal.","183,875,760.00",1993,The Fugitive,Best Picture,The Fugitive,1994,0
179,Howards End,142 min,PG,"Drama, Romance",A businessman thwarts his wife's bequest of an estate to another woman.,"25,967,000.00",1992,Howards End,Best Picture,Howards End,1993,0
180,The Crying Game,112 min,R,"Crime, Drama, Romance","A British soldier kidnapped by IRA terrorists soon befriends one of his captors, who then becomes drawn into the soldier's world.","62,549,000.00",1992,The Crying Game,Best Picture,The Crying Game,1993,0
181,Scent of a Woman,156 min,R,Drama,"A prep school student needing money agrees to ""babysit"" a blind man, but the job is not at all what he anticipated.","63,895,607.00",1992,Scent of a Woman,Best Picture,Scent of a Woman,1993,0
182,Unforgiven,130 min,R,"Drama, Western","Retired Old West gunslinger William Munny reluctantly takes on one last job, with the help of his old partner Ned Logan and a young man, The ""Schofield Kid.""","101,157,447.00",1992,Unforgiven,Best Picture,Unforgiven,1993,1
183,A Few Good Men,138 min,R,"Drama, Thriller",Military lawyer Lieutenant Daniel Kaffee defends Marines accused of murder. They contend they were acting under orders.,"141,340,178.00",1992,A Few Good Men,Best Picture,A Few Good Men,1993,0
184,Bugsy,136 min,R,"Biography, Crime, Drama","The story of how Benjamin ""Bugsy"" Siegel started Las Vegas.","49,114,016.00",1991,Bugsy,Best Picture,Bugsy,1992,0
185,JFK,189 min,R,"Drama, History, Thriller",New Orleans District Attorney Jim Garrison discovers there's more to the Kennedy assassination than the official story.,"70,405,498.00",1991,JFK,Best Picture,JFK,1992,0
186,The Prince of Tides,132 min,R,"Drama, Romance",A troubled man talks to his suicidal sister's psychiatrist about their family history and falls in love with her in the process.,"74,787,599.00",1991,The Prince of Tides,Best Picture,The Prince of Tides,1992,0
187,The Silence of the Lambs,118 min,R,"Crime, Drama, Thriller","A young F.B.I. cadet must receive the help of an incarcerated and manipulative cannibal killer to help catch another serial killer, a madman who skins his victims.","130,742,922.00",1991,The Silence of the Lambs,Best Picture,The Silence of the Lambs,1992,1
188,Beauty and the Beast,84 min,G,"Animation, Family, Fantasy",A prince cursed to spend his days as a hideous monster sets out to regain his humanity by earning a young woman's love.,"218,967,620.00",1991,Beauty and the Beast,Best Picture,Beauty and the Beast,1992,0
189,Goodfellas,145 min,R,"Biography, Crime, Drama","The story of Henry Hill and his life in the mob, covering his relationship with his wife Karen Hill and his mob partners Jimmy Conway and Tommy DeVito in the Italian-American crime syndicate.","46,836,394.00",1990,Good Fellas,Best Picture,Good Fellas,1991,0
190,Awakenings,121 min,PG-13,"Biography, Drama","The victims of an encephalitis epidemic many years ago have been catatonic ever since, but now a new drug offers the prospect of reviving them.","52,096,475.00",1990,Awakenings,Best Picture,Awakenings,1991,0
191,"The Godfather, Part III",162 min,R,"Crime, Drama","Follows Michael Corleone, now in his 60s, as he seeks to free his family from crime and find a suitable successor to his empire.","66,761,392.00",1990,"The Godfather, Part III",Best Picture,"The Godfather, Part III",1991,0
192,Dances with Wolves,181 min,PG-13,"Adventure, Drama, Western","Lieutenant John Dunbar, assigned to a remote western Civil War outpost, befriends wolves and Native Americans, making him an intolerable aberration in the military.","184,208,848.00",1990,Dances With Wolves,Best Picture,Dances With Wolves,1991,1
193,Ghost,127 min,PG-13,"Drama, Fantasy, Romance","After a young man is murdered, his spirit stays behind to warn his lover of impending danger, with the help of a reluctant psychic.","217,631,306.00",1990,Ghost,Best Picture,Ghost,1991,0
194,My Left Foot,103 min,R,"Biography, Drama","Christy Brown, born with cerebral palsy, learns to paint and write with his only controllable limb - his left foot.","14,743,391.00",1989,My Left Foot,Best Picture,My Left Foot,1990,0
195,Field of Dreams,107 min,PG,"Drama, Family, Fantasy","Iowa farmer Ray Kinsella is inspired by a voice he can't ignore to pursue a dream he can hardly believe. Supported by his wife, Ray begins the quest by turning his ordinary cornfield into a place where dreams can come true.","64,431,625.00",1989,Field of Dreams,Best Picture,Field of Dreams,1990,0
196,Born on the Fourth of July,145 min,R,"Biography, Drama, War","The biography of Ron Kovic. Paralyzed in the Vietnam war, he becomes an anti-war and pro-human rights political activist after feeling betrayed by the country for which he fought.","70,001,698.00",1989,Born on the Fourth of July,Best Picture,Born on the Fourth of July,1990,0
197,Dead Poets Society,128 min,PG,"Comedy, Drama",Maverick teacher John Keating uses poetry to embolden his boarding school students to new heights of self-expression.,"95,860,116.00",1989,Dead Poets Society,Best Picture,Dead Poets Society,1990,0
198,Driving Miss Daisy,99 min,PG,"Comedy, Drama, Romance",An old Jewish woman and her African-American chauffeur in the American South have a relationship that grows and improves over the years.,"106,593,296.00",1989,Driving Miss Daisy,Best Picture,Driving Miss Daisy,1990,1
199,The Accidental Tourist,121 min,PG,"Drama, Romance",An emotionally distant writer of travel guides must carry on with his life after his son is killed and his marriage crumbles.,"32,632,093.00",1988,The Accidental Tourist,Best Picture,The Accidental Tourist,1989,0
200,Mississippi Burning,128 min,R,"Crime, Drama, History",Two F.B.I. Agents with wildly different styles arrive in Mississippi to investigate the disappearance of some civil rights activists.,"34,603,943.00",1988,Mississippi Burning,Best Picture,Mississippi Burning,1989,0
201,Dangerous Liaisons,119 min,R,"Drama, Romance",A scheming widow and her manipulative ex-lover make a bet regarding the corruption of a recently married woman.,"34,700,000.00",1988,Dangerous Liaisons,Best Picture,Dangerous Liaisons,1989,0
202,Working Girl,113 min,R,"Comedy, Drama, Romance","When a secretary's idea is stolen by her boss, she seizes an opportunity to steal it back by pretending she has her boss' job.","64,000,000.00",1988,Working Girl,Best Picture,Working Girl,1989,0
203,Rain Man,133 min,R,Drama,"After a selfish L.A. yuppie learns his estranged father left a fortune to an autistic-savant brother in Ohio that he didn't know existed, he absconds with his brother and sets out across the country, hoping to gain a larger inheritance.","178,800,000.00",1988,Rain Man,Best Picture,Rain Man,1989,1
204,Hope and Glory,113 min,PG-13,"Comedy, Drama, Romance","Bill, a young boy living on the outskirts of London experiences the exhilaration of World War II. During this period, Bill learns about sex, death, love, hypocrisy, and the faults of adults as he prowls the ruins of bombed houses.","10,021,120.00",1987,Hope and Glory,Best Picture,Hope and Glory,1988,0
205,The Last Emperor,163 min,PG-13,"Biography, Drama, History",The story of the final Emperor of China.,"43,984,230.00",1987,The Last Emperor,Best Picture,The Last Emperor,1988,1
206,Broadcast News,133 min,R,"Comedy, Drama, Romance","Take two rival television reporters: one handsome, one talented, both male. Add one producer, female. Mix well, and watch the sparks fly.","51,249,404.00",1987,Broadcast News,Best Picture,Broadcast News,1988,0
207,Moonstruck,102 min,PG,"Comedy, Drama, Romance","Loretta Castorini, a bookkeeper from Brooklyn, New York, finds herself in a difficult situation when she falls for the brother of the man she has agreed to marry.","80,640,528.00",1987,Moonstruck,Best Picture,Moonstruck,1988,0
208,Fatal Attraction,119 min,R,"Drama, Thriller",A married man's one-night stand comes back to haunt him when that lover begins to stalk him and his family.,"156,645,693.00",1987,Fatal Attraction,Best Picture,Fatal Attraction,1988,0
209,The Mission,125 min,PG,"Adventure, Drama, History",Eighteenth-century Spanish Jesuits try to protect a remote South American tribe in danger of falling under the rule of pro-slavery Portugal.,"17,218,023.00",1986,The Mission,Best Picture,The Mission,1987,0
210,A Room with a View,117 min,Not Rated,"Drama, Romance","Lucy meets George in a Florence pensione and the two share a brief romance before Lucy returns home, where she becomes engaged to Cecil. However, it isn't long before George unexpectedly enters her life again.","20,966,644.00",1985,A Room with a View,Best Picture,A Room with a View,1987,0
211,Children of a Lesser God,119 min,R,"Drama, Romance","A new speech teacher at a school for the deaf falls in love with the janitor, a deaf woman speechless by choice.","31,853,080.00",1986,Children of a Lesser God,Best Picture,Children of a Lesser God,1987,0
212,Hannah and Her Sisters,107 min,PG-13,"Comedy, Drama","Between two Thanksgivings two years apart, Hannah's husband falls in love with her sister Lee, while her hypochondriac ex-husband rekindles his relationship with her sister Holly.","40,084,041.00",1986,Hannah and Her Sisters,Best Picture,Hannah and Her Sisters,1987,0
213,Platoon,120 min,R,"Drama, War","Chris Taylor, a neophyte recruit in Vietnam, finds himself caught in a battle of wills between two sergeants, one good and the other evil. A shrewd examination of the brutality of war and the duality of man in conflict.","138,530,565.00",1986,Platoon,Best Picture,Platoon,1987,1
214,Kiss of the Spider Woman,120 min,R,Drama,A gay man and a political prisoner are together in a prison. The gay man narrates the stories of two fake movies and his own life.,"17,037,728.00",1985,Kiss of the Spider Woman,Best Picture,Kiss of the Spider Woman,1986,0
215,Prizzi's Honor,130 min,R,"Comedy, Crime, Drama",Two professional assassins fall in love.,"26,700,000.00",1985,Prizzi's Honor,Best Picture,Prizzi's Honor,1986,0
216,Witness,112 min,R,"Drama, Romance, Thriller","When a young Amish boy is sole witness to a murder while visiting Philadelphia with his mother, police detective John Book tries to protect the boy until an attempt on Book's life forces him into hiding in Amish country.","68,706,993.00",1985,Witness,Best Picture,Witness,1986,0
217,Out of Africa,161 min,PG,"Biography, Drama, Romance","In 20th-century colonial Kenya, a Danish baroness/plantation owner has a passionate love affair with a free-spirited big-game hunter.","87,100,000.00",1985,Out of Africa,Best Picture,Out of Africa,1986,1
218,The Color Purple,154 min,PG-13,Drama,A black Southern woman struggles to find her identity after suffering abuse from her father and others over four decades.,"98,467,863.00",1985,The Color Purple,Best Picture,The Color Purple,1986,0
219,A Soldier's Story,101 min,PG,"Crime, Drama, Mystery",An African-American officer investigates a murder in a racially charged situation in World War II.,"21,821,347.00",1984,A Soldier's Story,Best Picture,A Soldier's Story,1985,0
220,A Passage to India,164 min,PG,"Adventure, Drama, History","Cultural mistrust and false accusations doom a friendship in British colonial India between an Indian doctor, an Englishwoman engaged to marry a city magistrate, and an English educator.","27,187,653.00",1984,A Passage to India,Best Picture,A Passage to India,1985,0
221,The Killing Fields,141 min,R,"Biography, Drama, History","A journalist is trapped in Cambodia during tyrant Pol Pot's bloody 'Year Zero' cleansing campaign, which claimed the lives of two million 'undesirable' civilians.","34,700,291.00",1984,The Killing Fields,Best Picture,The Killing Fields,1985,0
222,Places in the Heart,111 min,PG,Drama,"In central Texas in the 1930s, a widow with two small children tries to save her small 40-acre farm with the help of a blind boarder and an itinerant black handyman.","34,901,614.00",1984,Places in the Heart,Best Picture,Places in the Heart,1985,0
223,Amadeus,160 min,R,"Biography, Drama, Music","The life, success and troubles of Wolfgang Amadeus Mozart, as told by Antonio Salieri, the contemporaneous composer who was insanely jealous of Mozart's talent and claimed to have murdered him.","51,973,029.00",1984,Amadeus,Best Picture,Amadeus,1985,1
224,The Dresser,118 min,PG,Drama,Personal assistant Norman struggles to get deteriorating veteran actor Sir through a difficult performance of King Lear.,"5,310,748.00",1983,The Dresser,Best Picture,The Dresser,1984,0
225,Tender Mercies,92 min,PG,"Drama, Music","A broken-down, middle-aged country singer gets a new wife, reaches out to his long-lost daughter, and tries to put his troubled life back together.","8,443,124.00",1983,Tender Mercies,Best Picture,Tender Mercies,1984,0
226,The Right Stuff,193 min,PG,"Adventure, Biography, Drama","The U.S. space program's development from the breaking of the sound barrier to selection of the Mercury 7 astronauts, from a group of test pilots with a more seat-of-the-pants approach than the program's more cautious engineers preferred.","21,500,000.00",1983,The Right Stuff,Best Picture,The Right Stuff,1984,0
227,The Big Chill,105 min,R,"Comedy, Drama",A group of seven former college friends gather for a weekend reunion at a South Carolina vacation home after the funeral of another of their college friends.,"56,200,000.00",1983,The Big Chill,Best Picture,The Big Chill,1984,0
228,Terms of Endearment,132 min,PG,"Comedy, Drama","Follows hard-to-please Aurora looking for love, and her daughter's family problems.","108,423,489.00",1983,Terms of Endearment,Best Picture,Terms of Endearment,1984,1
229,Missing,122 min,PG,"Biography, Drama, History","When an idealistic American writer disappears during the Chilean coup d'état in September 1973, his wife and father try to find him.","14,000,000.00",1982,Missing,Best Picture,Missing,1983,0
230,Gandhi,191 min,PG,"Biography, Drama",The life of the lawyer who became the famed leader of the Indian revolts against the British rule through his philosophy of nonviolent protest.,"52,767,889.00",1982,Gandhi,Best Picture,Gandhi,1983,1
231,The Verdict,129 min,R,Drama,"An outcast, alcoholic Boston lawyer sees the chance to salvage his career and self-respect by taking a medical malpractice case to trial rather than settling.","54,000,000.00",1982,The Verdict,Best Picture,The Verdict,1983,0
232,Tootsie,116 min,PG,"Comedy, Drama, Romance","Michael Dorsey, an unsuccessful actor, disguises himself as a woman in order to get a role on a trashy hospital soap.","177,200,000.00",1982,Tootsie,Best Picture,Tootsie,1983,0
233,E.T. the Extra-Terrestrial,115 min,PG,"Adventure, Family, Sci-Fi",A troubled child summons the courage to help a friendly alien escape from Earth and return to his home planet.,"435,110,554.00",1982,E.T. The Extra-Terrestrial,Best Picture,E.T. The Extra-Terrestrial,1983,0
234,Atlantic City,104 min,R,"Crime, Drama, Romance","In a corrupt city, a small-time gangster and the estranged wife of a pot dealer find themselves thrown together in an escapade of love, money, drugs and danger.","12,729,675.00",1980,Atlantic City,Best Picture,Atlantic City,1982,0
235,Reds,195 min,PG,"Biography, Drama, History","A radical American journalist becomes involved with the Communist revolution in Russia, and hopes to bring its spirit and idealism to the United States.","40,382,659.00",1981,Reds,Best Picture,Reds,1982,0
236,Chariots of Fire,125 min,PG,"Biography, Drama, Sport","Two British track athletes, one a determined Jew and the other a devout Christian, are driven to win in the 1924 Olympics as they wrestle with issues of pride and conscience.","58,972,904.00",1981,Chariots of Fire,Best Picture,Chariots of Fire,1982,1
237,On Golden Pond,109 min,PG,Drama,"Norman is a curmudgeon with an estranged relationship with his daughter Chelsea. At Golden Pond, he and his wife nevertheless agree to care for Billy, the son of Chelsea's new boyfriend, and a most unexpected relationship blooms.","119,285,432.00",1981,On Golden Pond,Best Picture,On Golden Pond,1982,0
238,Indiana Jones and the Raiders of the Lost Ark,115 min,PG,"Action, Adventure","Archaeology professor Indiana Jones ventures to seize a biblical artefact known as the Ark of the Covenant. While doing so, he puts up a fight against Renee and a troop of Nazis.","248,159,971.00",1981,Raiders of the Lost Ark,Best Picture,Raiders of the Lost Ark,1982,0
239,Raging Bull,129 min,R,"Biography, Drama, Sport","The life of boxer Jake LaMotta, whose violence and temper that led him to the top in the ring destroyed his life outside of it.","23,383,987.00",1980,Raging Bull,Best Picture,Raging Bull,1981,0
240,Ordinary People,124 min,R,Drama,"The accidental death of the older son of an affluent family deeply strains the relationships among the bitter mother, the good-natured father and the guilt-ridden younger son.","54,800,000.00",1980,Ordinary People,Best Picture,Ordinary People,1981,1
241,Coal Miner's Daughter,124 min,PG,"Biography, Drama, Music","The fictionalized life of singer Loretta Lynn, a girl who rose from humble beginnings to become a country music star in the 1960s/70s.","67,182,787.00",1980,Coal Miner's Daughter,Best Picture,Coal Miner's Daughter,1981,0
242,The Elephant Man,124 min,PG,"Biography, Drama","A Victorian surgeon rescues a heavily disfigured man who is mistreated while scraping a living as a side-show freak. Behind his monstrous façade, there is revealed a person of kindness, intelligence and sophistication.","26,010,864.00",1980,The Elephant Man,Best Picture,The Elephant Man,1981,0
243,Tess,186 min,PG,"Drama, Romance",A strong-willed young peasant girl attracts the affection of two men.,"20,093,330.00",1979,Tess,Best Picture,Tess,1981,0
244,Breaking Away,101 min,PG,"Comedy, Drama, Sport",A working-class Indiana teen obsessed with the Italian cycling team vies for the affections of a college girl while searching for life goals with his friends.,"16,424,918.00",1979,Breaking Away,Best Picture,Breaking Away,1980,0
245,Norma Rae,114 min,PG,Drama,A young single mother and textile worker agrees to help unionize her mill despite the problems and dangers involved.,"22,228,000.00",1979,Norma Rae,Best Picture,Norma Rae,1980,0
246,All That Jazz,123 min,R,"Drama, Music, Musical","Director/choreographer Bob Fosse tells his own life story as he details the sordid career of Joe Gideon, a womanizing, drug-using dancer.","37,823,676.00",1979,All That Jazz,Best Picture,All That Jazz,1980,0
247,Apocalypse Now,147 min,R,"Drama, Mystery, War",A U.S. Army officer serving in Vietnam is tasked with assassinating a renegade Special Forces Colonel who sees himself as a god.,"83,471,511.00",1979,Apocalypse Now,Best Picture,Apocalypse Now,1980,0
248,Kramer vs. Kramer,105 min,PG,Drama,"After his wife leaves him, a work-obsessed Manhattan advertising executive is forced to learn long-neglected parenting skills, but a heated custody battle over the couple's young son deepens the wounds left by the separation.","106,260,000.00",1979,Kramer vs. Kramer,Best Picture,Kramer vs. Kramer,1980,1
249,An Unmarried Woman,124 min,R,"Comedy, Drama, Romance",A wealthy woman from Manhattan's Upper East Side struggles to deal with her new identity and her sexuality after her husband of 16 years leaves her for a younger woman.,"24,000,000.00",1978,An Unmarried Woman,Best Picture,An Unmarried Woman,1979,0
250,Coming Home,127 min,R,"Drama, Romance, War",A woman whose husband is fighting in Vietnam falls in love with another man who suffered a paralyzing combat injury there.,"32,653,905.00",1978,Coming Home,Best Picture,Coming Home,1979,0
251,Midnight Express,121 min,R,"Biography, Crime, Drama","Billy Hayes, an American college student, is caught smuggling drugs out of Turkey and thrown into prison.","35,000,000.00",1978,Midnight Express,Best Picture,Midnight Express,1979,0
252,The Deer Hunter,183 min,R,"Drama, War",An in-depth examination of the ways in which the Vietnam War impacts and disrupts the lives of several friends in a small steel mill town in Pennsylvania.,"48,979,328.00",1978,The Deer Hunter,Best Picture,The Deer Hunter,1979,1
253,Heaven Can Wait,101 min,PG,"Comedy, Fantasy, Romance","A Los Angeles Rams quarterback, accidentally taken away from his body by an overanxious angel before he was meant to die, returns to life in the body of a recently murdered millionaire.","81,640,278.00",1978,Heaven Can Wait,Best Picture,Heaven Can Wait,1979,0
254,The Turning Point,119 min,PG,"Drama, Romance","When her daughter joins a ballet company, a former dancer is forced to confront her long-ago decision to give up the stage to have a family.","33,600,000.00",1977,The Turning Point,Best Picture,The Turning Point,1978,0
255,Annie Hall,93 min,PG,"Comedy, Romance","Alvy Singer, a divorced Jewish comedian, reflects on his relationship with ex-lover Annie Hall, an aspiring nightclub singer, which ended abruptly just like his previous marriages.","39,200,000.00",1977,Annie Hall,Best Picture,Annie Hall,1978,1
256,The Goodbye Girl,111 min,PG,"Comedy, Drama, Romance","After being dumped by her live-in boyfriend, an unemployed dancer and her 10-year-old daughter are reluctantly forced to live with a struggling off-Broadway actor.","102,000,000.00",1977,The Goodbye Girl,Best Picture,The Goodbye Girl,1978,0
257,Star Wars,121 min,PG,"Action, Adventure, Fantasy","Luke Skywalker joins forces with a Jedi Knight, a cocky pilot, a Wookiee and two droids to save the galaxy from the Empire's world-destroying battle station, while also attempting to rescue Princess Leia from the mysterious Darth Vader.","322,740,140.00",1977,Star Wars,Best Picture,Star Wars,1978,0
258,Julia,117 min,PG,Drama,"At the behest of an old and dear friend, playwright Lillian Hellman undertakes a dangerous mission to smuggle funds into Nazi Germany.","20,714,400.00",1977,Julia,Best Picture,Julia,1978,0
259,Taxi Driver,114 min,R,"Crime, Drama","A mentally unstable veteran works as a nighttime taxi driver in New York City, where the perceived decadence and sleaze fuels his urge for violent action.","28,262,574.00",1976,Taxi Driver,Best Picture,Taxi Driver,1977,0
260,All the President's Men,138 min,PG,"Drama, History, Thriller","""The Washington Post"" reporters Bob Woodward and Carl Bernstein uncover the details of the Watergate scandal that leads to President Richard Nixon's resignation.","70,600,000.00",1976,All the President's Men,Best Picture,All the President's Men,1977,0
261,Rocky,120 min,PG,"Drama, Sport",A small-time Philadelphia boxer gets a supremely rare chance to fight the world heavyweight champion in a bout in which he strives to go the distance for his self-respect.,"117,235,247.00",1976,Rocky,Best Picture,Rocky,1977,1
262,Bound for Glory,147 min,PG,"Biography, Drama, Music",The early life of Woody Guthrie as a vagabond folk singer.,,1976,Bound for Glory,Best Picture,Bound for Glory,1977,0
263,Network,121 min,R,Drama,"A television network cynically exploits a deranged former anchor's ravings and revelations about the news media for its own profit, but finds that his message may be difficult to control.","23,689,877.00",1976,Network,Best Picture,Network,1977,0
264,Nashville,160 min,R,"Comedy, Drama, Music","Over the course of a few hectic days, numerous interrelated people prepare for a political convention.","14,824,000.00",1975,Nashville,Best Picture,Nashville,1976,0
265,Dog Day Afternoon,125 min,R,"Biography, Crime, Drama","Three amateur bank robbers plan to hold up a bank. A nice simple robbery: Walk in, take the money, and run. Unfortunately, the supposedly uncomplicated heist suddenly becomes a bizarre nightmare as everything that could go wrong does.","50,000,000.00",1975,Dog Day Afternoon,Best Picture,Dog Day Afternoon,1976,0
266,One Flew Over the Cuckoo's Nest,133 min,R,Drama,"A criminal pleads insanity and is admitted to a mental institution, where he rebels against the oppressive nurse and rallies up the scared patients.","112,000,000.00",1975,One Flew over the Cuckoo's Nest,Best Picture,One Flew over the Cuckoo's Nest,1976,1
267,Jaws,124 min,PG,"Adventure, Thriller","When a killer shark unleashes chaos on a beach community off Cape Cod, it's up to a local sheriff, a marine biologist, and an old seafarer to hunt the beast down.","260,000,000.00",1975,Jaws,Best Picture,Jaws,1976,0
268,Barry Lyndon,185 min,PG,"Adventure, Drama, War",An Irish rogue wins the heart of a rich widow and assumes her dead husband's aristocratic position in 18th-century England.,"198,992.00",1975,Barry Lyndon,Best Picture,Barry Lyndon,1976,0
269,The Conversation,113 min,PG,"Drama, Mystery, Thriller","A paranoid, secretive surveillance expert has a crisis of conscience when he suspects that the couple he is spying on will be murdered.","4,420,000.00",1974,The Conversation,Best Picture,The Conversation,1975,0
270,Lenny,111 min,R,"Biography, Drama","The story of acerbic 1960s comic Lenny Bruce, whose groundbreaking, no-holds-barred style and social commentary was often deemed by the Establishment as too obscene for the public.","8,427,866.00",1974,Lenny,Best Picture,Lenny,1975,0
271,Chinatown,130 min,R,"Drama, Mystery, Thriller","A private detective hired to expose an adulterer in 1930s Los Angeles finds himself caught up in a web of deceit, corruption, and murder.","8,486,653.00",1974,Chinatown,Best Picture,Chinatown,1975,0
272,The Godfather Part II,202 min,R,"Crime, Drama","The early life and career of Vito Corleone in 1920s New York City is portrayed, while his son, Michael, expands and tightens his grip on the family crime syndicate.","57,300,000.00",1974,The Godfather Part II,Best Picture,The Godfather Part II,1975,1
273,The Godfather Part III,162 min,R,"Crime, Drama","Follows Michael Corleone, now in his 60s, as he seeks to free his family from crime and find a suitable successor to his empire.","66,666,062.00",1990,The Godfather Part II,Best Picture,The Godfather Part II,1975,1
274,The Towering Inferno,165 min,PG,"Action, Drama, Thriller","At the opening party of a colossal, but poorly constructed, office building, a massive fire breaks out that threatens to destroy the tower and everyone in it.","116,000,000.00",1974,The Towering Inferno,Best Picture,The Towering Inferno,1975,0
275,Cries & Whispers,91 min,R,Drama,"When a woman dying of cancer in early twentieth-century Sweden is visited by her two sisters, long-repressed feelings between the siblings rise to the surface.","1,742,348.00",1972,Cries and Whispers,Best Picture,Cries and Whispers,1974,0
276,A Touch of Class,106 min,PG,"Comedy, Romance",Romantic comedy about a pair of clandestine lovers in a London-Spain tryst.,"18,312,000.00",1973,A Touch of Class,Best Picture,A Touch of Class,1974,0
277,American Graffiti,110 min,PG,"Comedy, Drama",A group of teenagers in California's central valley spend one final night after their 1962 high school graduation cruising the strip with their buddies before they pursue their varying goals.,"115,000,000.00",1973,American Graffiti,Best Picture,American Graffiti,1974,0
278,The Sting,129 min,PG,"Comedy, Crime, Drama",Two grifters team up to pull off the ultimate con.,"159,600,000.00",1973,The Sting,Best Picture,The Sting,1974,1
279,The Exorcist,122 min,R,Horror,"When a 12-year-old girl is possessed by a mysterious entity, her mother seeks the help of two priests to save her.","232,906,145.00",1973,The Exorcist,Best Picture,The Exorcist,1974,0
280,The Emigrants,151 min,PG,"Drama, History","Småland, Sweden, mid-19th century. A farming family struggle with their rocky, unyielding land, and decide to embark on the arduous journey to new hope in America.","1,156,554.00",1971,The Emigrants,Best Picture,The Emigrants,1973,0
281,Sounder,105 min,G,"Drama, Family",The oldest son of a loving and strong family of black sharecroppers comes of age in the Depression-era South after his father is imprisoned for stealing food.,"3,100,601.00",1972,Sounder,Best Picture,Sounder,1973,0
282,Deliverance,109 min,R,"Adventure, Drama, Thriller","Intent on seeing the Cahulawassee River before it's dammed and turned into a lake, outdoor fanatic Lewis Medlock takes his friends on a canoeing trip they'll never forget into the dangerous American back-country.","7,056,013.00",1972,Deliverance,Best Picture,Deliverance,1973,0
283,Cabaret,124 min,PG,"Drama, Music, Musical",A female girlie club entertainer in Weimar Republic era Berlin romances two men while the Nazi Party rises to power around them.,"42,765,000.00",1972,Cabaret,Best Picture,Cabaret,1973,0
284,The Godfather,175 min,R,"Crime, Drama",The aging patriarch of an organized crime dynasty in postwar New York City transfers control of his clandestine empire to his reluctant youngest son.,"134,966,411.00",1972,The Godfather,Best Picture,The Godfather,1973,1
285,Nicholas and Alexandra,183 min,GP,"Biography, Drama, History","Tsar Nicholas II, the inept last monarch of Russia, insensitive to the needs of his people, is overthrown and exiled to Siberia with his family.","3,964,917.00",1971,Nicholas and Alexandra,Best Picture,Nicholas and Alexandra,1972,0
286,A Clockwork Orange,136 min,R,"Crime, Sci-Fi","In the future, a sadistic gang leader is imprisoned and volunteers for a conduct-aversion experiment, but it doesn't go as planned.","6,207,725.00",1971,A Clockwork Orange,Best Picture,A Clockwork Orange,1972,0
287,The French Connection,104 min,R,"Action, Crime, Drama","A pair of NYPD detectives in the Narcotics Bureau stumble onto a heroin smuggling ring based in Marseilles, but stopping them and capturing their leaders proves an elusive goal.","15,630,710.00",1971,The French Connection,Best Picture,The French Connection,1972,1
288,The Last Picture Show,118 min,R,"Drama, Romance","In 1951, a group of high schoolers come of age in a bleak, isolated, atrophied North Texas town that is slowly dying, both culturally and economically.","29,133,000.00",1971,The Last Picture Show,Best Picture,The Last Picture Show,1972,0
289,Fiddler on the Roof,181 min,G,"Drama, Family, Musical","In pre-revolutionary Russia, a Jewish peasant with traditional values contends with marrying off three of his daughters with modern romantic ideals while growing anti-Semitic sentiment threatens his village.","80,500,000.00",1971,Fiddler on the Roof,Best Picture,Fiddler on the Roof,1972,0
290,Five Easy Pieces,98 min,R,Drama,"A dropout from upper-class America picks up work along the way on oil rigs when his life isn't spent in a squalid succession of bars, motels, and other points of interest.","19,402,000.00",1970,Five Easy Pieces,Best Picture,Five Easy Pieces,1971,0
291,Patton,172 min,GP,"Biography, Drama, War",The World War II phase of the career of controversial American general George S. Patton.,"61,700,000.00",1970,Patton,Best Picture,Patton,1971,1
292,MASH,116 min,R,"Comedy, Drama, War",The staff of a Korean War field hospital use humor and high jinks to keep their sanity in the face of the horror of war.,"81,600,000.00",1970,M*A*S*H,Best Picture,M*A*S*H,1971,0
293,Airport,137 min,G,"Action, Drama, Thriller","A bomber on board an airplane, an airport almost closed by snow, and various personal problems of the people involved.","100,489,150.00",1970,Airport,Best Picture,Airport,1971,0
294,Love Story,100 min,PG,"Drama, Romance",A boy and a girl from different backgrounds fall in love regardless of their upbringing - and then tragedy strikes.,"106,400,000.00",1970,Love Story,Best Picture,Love Story,1971,0
295,Z,127 min,M/PG,"Crime, Drama, Thriller",The public murder of a prominent politician and doctor amid a violent demonstration is covered up by military and government officials. A tenacious magistrate is determined not to let them get away with it.,"83,305.00",1969,Z,Best Picture,Z,1970,0
296,Anne of the Thousand Days,145 min,PG,"Biography, Drama, History","King Henry VIII of England discards one wife, Catharine of Aragon, who has failed to produce a male heir, in favor of the young and beautiful Anne Boleyn.","2,068,232.00",1969,Anne of the Thousand Days,Best Picture,Anne of the Thousand Days,1970,0
297,"Hello, Dolly!",146 min,G,"Adventure, Comedy, Musical","Matchmaker Dolly Levi travels to Yonkers to find a partner for ""half-a-millionaire"" Horace Vandergelder, convincing his niece, his niece's intended, and his two clerks to travel to New York City along the way.","7,239,608.00",1969,"Hello, Dolly!",Best Picture,"Hello, Dolly!",1970,0
298,Midnight Cowboy,113 min,R,Drama,"A naive hustler travels from Texas to New York City to seek personal fortune, finding a new friend in the process.","44,785,053.00",1969,Midnight Cowboy,Best Picture,Midnight Cowboy,1970,1
299,Butch Cassidy and the Sundance Kid,110 min,PG,"Biography, Crime, Drama","Wyoming, early 1900s. Butch Cassidy and The Sundance Kid are the leaders of a band of outlaws. After a train robbery goes wrong they find themselves on the run with a posse hard on their heels. Their solution - escape to Bolivia.","102,308,889.00",1969,Butch Cassidy and the Sundance Kid,Best Picture,Butch Cassidy and the Sundance Kid,1970,0
300,Oliver!,153 min,G,"Drama, Family, Musical","After being sold to a mortician, young orphan Oliver Twist runs away and meets a group of boys trained to be pickpockets by an elderly mentor in 1830s London.","16,800,000.00",1968,Oliver!,Best Picture,Oliver!,1969,1
301,The Lion in Winter,134 min,PG,"Biography, Drama, History","1183 A.D.: King Henry II's three sons all want to inherit the throne, but he won't commit to a choice. When he allows his imprisoned wife Eleanor of Aquitaine out for a Christmas visit, they all variously plot to force him into a decision.","22,276,975.00",1968,The Lion in Winter,Best Picture,The Lion in Winter,1969,0
302,Romeo and Juliet,138 min,PG,"Drama, Romance","When two young members of feuding families meet, forbidden love ensues.","38,901,218.00",1968,Romeo and Juliet,Best Picture,Romeo and Juliet,1969,0
303,Funny Girl,151 min,G,"Biography, Comedy, Drama","The life of Fanny Brice, famed comedienne and entertainer of the early 1900s. We see her rise to fame as a Ziegfeld girl, subsequent career, and her personal life, particularly her relationship with Nick Arnstein.","58,500,000.00",1968,Funny Girl,Best Picture,Funny Girl,1969,0
304,"Rachel, Rachel",101 min,R,"Drama, Romance","Rachel is a lonely school teacher who lives with her mother. When a man from the big city asks her out, she starts thinking about where she wants her life to go.",,1968,"Rachel, Rachel",Best Picture,"Rachel, Rachel",1969,0
305,Doctor Dolittle,152 min,Approved,"Adventure, Comedy, Family","After the animal communicating veterinarian goes too far for his clientele, he and his friends escape their hometown to the sea in search of the Great Pink Sea Snail.","13,516,000.00",1967,Doctor Dolittle,Best Picture,Doctor Dolittle,1968,0
306,In the Heat of the Night,110 min,Approved,"Drama, Mystery, Thriller","A black Philadelphia police detective is mistakenly suspected of a local murder while passing through a racially hostile Mississippi town, and after being cleared is reluctantly asked by the police chief to investigate the case.","24,379,978.00",1967,In the Heat of the Night,Best Picture,In the Heat of the Night,1968,1
307,Guess Who's Coming to Dinner,108 min,Approved,"Comedy, Drama",A couple's attitudes are challenged when their daughter introduces them to her African-American fiancé.,"56,700,000.00",1967,Guess Who's Coming to Dinner,Best Picture,Guess Who's Coming to Dinner,1968,0
308,The Graduate,106 min,PG,"Comedy, Drama, Romance",A disillusioned college graduate finds himself torn between his older lover and her daughter.,"104,945,305.00",1967,The Graduate,Best Picture,The Graduate,1968,0
309,Bonnie and Clyde,111 min,R,"Action, Biography, Crime","Bored waitress Bonnie Parker falls in love with an ex-con named Clyde Barrow and together they start a violent crime spree through the country, stealing cars and robbing banks.",,1967,Bonnie and Clyde,Best Picture,Bonnie and Clyde,1968,0
310,Alfie,114 min,PG,"Comedy, Drama",An unrepentant ladies' man gradually begins to understand the consequences of his lifestyle.,"18,871,300.00",1966,Alfie,Best Picture,Alfie,1967,0
311,The Russians Are Coming the Russians Are Coming,126 min,Unrated,"Comedy, War","Without hostile intent, a Soviet submarine runs aground off New England. Men are sent for a boat, but many villagers go into a tizzy, risking bloodshed.","21,693,114.00",1966,The Russians Are Coming The Russians Are Coming,Best Picture,The Russians Are Coming The Russians Are Coming,1967,0
312,A Man for All Seasons,120 min,G,"Biography, Drama, History","The story of Sir Thomas More, who stood up to King Henry VIII when the King rejected the Roman Catholic Church to obtain a divorce and remarry.","28,350,000.00",1966,A Man for All Seasons,Best Picture,A Man for All Seasons,1967,1
313,The Sand Pebbles,182 min,PG-13,"Adventure, Drama, Romance","In 1926, a U.S. Naval engineer gets assigned to a gunboat on a rescue mission in war-torn China.",,1966,The Sand Pebbles,Best Picture,The Sand Pebbles,1967,0
314,Who's Afraid of Virginia Woolf?,131 min,Not Rated,Drama,"A bitter, aging couple, with the help of alcohol, use their young houseguests to fuel anguish and emotional pain towards each other over the course of a distressing night.","28,000,000.00",1966,Who's Afraid of Virginia Woolf?,Best Picture,Who's Afraid of Virginia Woolf?,1967,0
315,A Thousand Clowns,118 min,Unrated,"Comedy, Drama, Romance","A middle-aged iconoclast, doggedly avoiding the tedium of employment and conventional life, faces the prospect of losing custody of his young ward.","5,232,000.00",1965,A Thousand Clowns,Best Picture,A Thousand Clowns,1966,0
316,Doctor Zhivago,197 min,PG-13,"Drama, Romance, War","The life of a Russian physician and poet who, although married to another, falls in love with a political activist's wife and experiences hardship during World War I and then the October Revolution.","111,722,000.00",1965,Doctor Zhivago,Best Picture,Doctor Zhivago,1966,0
317,The Sound of Music,172 min,G,"Biography, Drama, Family",A young novitiate is sent by her convent in 1930s Austria to become a governess to the seven children of a widowed naval officer.,"163,214,286.00",1965,The Sound of Music,Best Picture,The Sound of Music,1966,1
318,Darling,128 min,TV-MA,"Drama, Romance",Beautiful but amoral model Diana Scott sleeps her way to the top of the London fashion scene at the height of the Swinging Sixties.,,1965,Darling,Best Picture,Darling,1966,0
319,Ship of Fools,149 min,Not Rated,"Drama, Romance, War",A varied group of passengers boarding a ship bound for pre-WWII Germany represents a microcosm of early 1930s society.,,1965,Ship of Fools,Best Picture,Ship of Fools,1966,0
320,Dr. Strangelove or: How I Learned to Stop Worrying and Love the Bomb,95 min,PG,"Comedy, War","An insane American general orders a bombing attack on the Soviet Union, triggering a path to nuclear holocaust that a war room full of politicians and generals frantically tries to stop.","275,902.00",1964,Dr. Strangelove or: How I Learned to Stop Worrying and Love the Bomb,Best Picture,Dr. Strangelove or: How I Learned to Stop Worrying and Love the Bomb,1965,0
321,My Fair Lady,170 min,G,"Drama, Family, Musical","In 1910s London, snobbish phonetics professor Henry Higgins agrees to a wager that he can make crude flower girl, Eliza Doolittle, presentable in high society.","72,000,000.00",1964,My Fair Lady,Best Picture,My Fair Lady,1965,1
322,Mary Poppins,139 min,G,"Comedy, Family, Fantasy","In turn of the century London, a magical nanny employs music and adventure to help two neglected children become closer to their father.","102,272,727.00",1964,Mary Poppins,Best Picture,Mary Poppins,1965,0
323,Becket,148 min,PG-13,"Biography, Drama, History","King Henry II of England comes to terms with his affection for his close friend and confidant Thomas Becket, who finds his true honor by observing God's divine will rather than the King's.","149,327.00",1964,Becket,Best Picture,Becket,1965,0
324,Zorba the Greek,142 min,Not Rated,"Comedy, Drama","An uptight English writer travelling to Crete, on a matter of business, finds his life changed forever when he meets the gregarious Alexis Zorba.",,1964,Zorba the Greek,Best Picture,Zorba the Greek,1965,0
325,Tom Jones,129 min,Not Rated,"Adventure, Comedy, History",The romantic and chivalrous adventures of adopted bastard Tom Jones in 18th-century England.,"37,600,000.00",1963,Tom Jones,Best Picture,Tom Jones,1964,1
326,How the West Was Won,164 min,G,Western,"A family saga covering several decades of Westward expansion in the 19th century, including the Gold Rush, the Civil War, and the building of the railroads.","46,500,000.00",1962,How the West Was Won,Best Picture,How the West Was Won,1964,0
327,Cleopatra,192 min,G,"Biography, Drama, History",Queen Cleopatra VII of Egypt experiences both triumph and tragedy as she attempts to resist the imperial ambitions of Rome.,"57,777,778.00",1963,Cleopatra,Best Picture,Cleopatra,1964,0
328,America America,174 min,Approved,Drama,A young Greek stops at nothing to secure a passage to America.,,1963,America America,Best Picture,America America,1964,0
329,Lilies of the Field,94 min,Unrated,Drama,A travelling handyman becomes the answer to the prayers of nuns who wish to build a chapel in the desert.,,1963,Lilies of the Field,Best Picture,Lilies of the Field,1964,0
330,Mutiny on the Bounty,178 min,Not Rated,"Adventure, Drama, History","In 1787, British ship Bounty leaves Portsmouth to bring a cargo of bread-fruit from Tahiti but the savage on-board conditions imposed by Captain Bligh trigger a mutiny led by officer Fletcher Christian.","13,680,000.00",1962,Mutiny on the Bounty,Best Picture,Mutiny on the Bounty,1963,0
331,The Music Man,151 min,G,"Comedy, Family, Musical",Traveling con artist Harold Hill targets the naïve residents of a small town in 1910s Iowa by posing as a boys' band leader to raise money before he can skip town.,"14,953,846.00",1962,Meredith Willson's The Music Man,Best Picture,Meredith Willson's The Music Man,1963,0
332,The Longest Day,178 min,G,"Action, Drama, History","The events of D-Day, told on a grand scale from both the Allied and German points of view.","39,100,000.00",1962,The Longest Day,Best Picture,The Longest Day,1963,0
333,Lawrence of Arabia,218 min,Approved,"Adventure, Biography, Drama","The story of T.E. Lawrence, the English officer who successfully united and led the diverse, often warring, Arab tribes during World War I in order to fight the Turks.","44,824,144.00",1962,Lawrence of Arabia,Best Picture,Lawrence of Arabia,1963,1
334,To Kill a Mockingbird,129 min,Approved,"Crime, Drama","Atticus Finch, a widowed lawyer in Depression-era Alabama, defends a black man against an undeserved rape charge, and his children against prejudice.","592,237.00",1962,To Kill a Mockingbird,Best Picture,To Kill a Mockingbird,1963,0
