,film,film_studio,film_studio/producer(s),producer(s),films,oscars_year
0,,,,,,1927
1,Wings,Famous Players-Lasky,,,,1927
2,7th Heaven,Fox,,,,1927
3,The Racket,The Caddo Company,,,,1927
4,,,,,,1928
5,The Broadway Melody,Metro-Goldwyn-Mayer,,,,1928
6,Alibi,Feature Productions,,,,1928
7,Hollywood Revue,Metro-Goldwyn-Mayer,,,,1928
8,In Old Arizona,Fox,,,,1928
9,The Patriot,Paramount Famous Lasky,,,,1928
10,,,,,,1929
11,All Quiet on the Western Front,Universal,,,,1929
12,The Big House,Cosmopolitan,,,,1929
13,Disraeli,Warner Bros.,,,,1929
14,The Divorcee,Metro-Goldwyn-Mayer,,,,1929
15,The Love Parade,Paramount Famous Lasky,,,,1929
16,,,,,,1930
17,Cimarron,RKO Radio,,,,1930
18,East Lynne,Fox,,,,1930
19,The Front Page,The Caddo Company,,,,1930
20,Skippy,Paramount Publix,,,,1930
21,Trader Horn,Metro-Goldwyn-Mayer,,,,1930
22,,,,,,1931
23,Grand Hotel,Metro-Goldwyn-Mayer,,,,1931
24,Arrowsmith,Samuel Goldwyn Productions,,,,1931
25,Bad Girl,Fox,,,,1931
26,The Champ,Metro-Goldwyn-Mayer,,,,1931
27,Five Star Final,First National,,,,1931
28,One Hour with You,Paramount Publix,,,,1931
29,Shanghai Express,Paramount Publix,,,,1931
30,The Smiling Lieutenant,Paramount Publix,,,,1931
31,,,,,,1932
32,Cavalcade,Fox,,,,1932
33,42nd Street,Warner Bros.,,,,1932
34,A Farewell to Arms,Paramount,,,,1932
35,I Am a Fugitive from a Chain Gang,Warner Bros.,,,,1932
36,Lady for a Day,Columbia,,,,1932
37,Little Women,RKO Radio,,,,1932
38,The Private Life of Henry VIII,London Films,,,,1932
39,She Done Him Wrong,Paramount,,,,1932
40,Smilin' Through,Metro-Goldwyn-Mayer,,,,1932
41,State Fair,Fox,,,,1932
42,,,,,,1934
43,It Happened One Night,Columbia,,,,1934
44,The Barretts of Wimpole Street,Metro-Goldwyn-Mayer,,,,1934
45,Cleopatra,Paramount,,,,1934
46,Flirtation Walk,First National,,,,1934
47,The Gay Divorcee,RKO Radio,,,,1934
48,Here Comes the Navy,Warner Bros.,,,,1934
49,The House of Rothschild,20th Century,,,,1934
50,Imitation of Life,Universal,,,,1934
51,One Night of Love,Columbia,,,,1934
52,The Thin Man,Metro-Goldwyn-Mayer,,,,1934
53,Viva Villa!,Metro-Goldwyn-Mayer,,,,1934
54,The White Parade,Jesse L. Lasky (production company),,,,1934
55,,,,,,1935
56,Mutiny on the Bounty,Metro-Goldwyn-Mayer,,,,1935
57,Alice Adams,RKO Radio,,,,1935
58,Broadway Melody of 1936,Metro-Goldwyn-Mayer,,,,1935
59,Captain Blood,Cosmopolitan,,,,1935
60,David Copperfield,Metro-Goldwyn-Mayer,,,,1935
61,The Informer,RKO Radio,,,,1935
62,The Lives of a Bengal Lancer,Paramount,,,,1935
63,A Midsummer Night's Dream,Warner Bros.,,,,1935
64,Les Misérables,20th Century,,,,1935
65,Naughty Marietta,Metro-Goldwyn-Mayer,,,,1935
66,Ruggles of Red Gap,Paramount,,,,1935
67,Top Hat,RKO Radio,,,,1935
68,,,,,,1936
69,The Great Ziegfeld,Metro-Goldwyn-Mayer,,,,1936
70,Anthony Adverse,Warner Bros.,,,,1936
71,Dodsworth,Samuel Goldwyn Productions,,,,1936
72,Libeled Lady,Metro-Goldwyn-Mayer,,,,1936
73,Mr. Deeds Goes to Town,Columbia,,,,1936
74,Romeo and Juliet,Metro-Goldwyn-Mayer,,,,1936
75,San Francisco,Metro-Goldwyn-Mayer,,,,1936
76,The Story of Louis Pasteur,Cosmopolitan,,,,1936
77,A Tale of Two Cities,Metro-Goldwyn-Mayer,,,,1936
78,Three Smart Girls,Universal,,,,1936
79,,,,,,1937
80,The Life of Emile Zola,Warner Bros.,,,,1937
81,The Awful Truth,Columbia,,,,1937
82,Captains Courageous,Metro-Goldwyn-Mayer,,,,1937
83,Dead End,Samuel Goldwyn Productions,,,,1937
84,The Good Earth,Metro-Goldwyn-Mayer,,,,1937
85,In Old Chicago,20th Century-Fox,,,,1937
86,Lost Horizon,Columbia,,,,1937
87,One Hundred Men and a Girl,Universal,,,,1937
88,Stage Door,RKO Radio,,,,1937
89,A Star Is Born,Selznick International Pictures,,,,1937
90,,,,,,1938
91,You Can't Take It with You,Columbia,,,,1938
92,The Adventures of Robin Hood,Warner Bros.-First National,,,,1938
93,Alexander's Ragtime Band,20th Century-Fox,,,,1938
94,Boys Town,Metro-Goldwyn-Mayer,,,,1938
95,The Citadel,Metro-Goldwyn-Mayer,,,,1938
96,Four Daughters,Warner Bros.-First National,,,,1938
97,Grand Illusion,Realization D'Art Cinematographique,,,,1938
98,Jezebel,Warner Bros.,,,,1938
99,Pygmalion,Metro-Goldwyn-Mayer,,,,1938
100,Test Pilot,Metro-Goldwyn-Mayer,,,,1938
101,,,,,,1939
102,Gone with the Wind,Selznick International Pictures,,,,1939
103,Dark Victory,Warner Bros.-First National,,,,1939
104,"Goodbye, Mr. Chips",Metro-Goldwyn-Mayer,,,,1939
105,Love Affair,RKO Radio,,,,1939
106,Mr. Smith Goes to Washington,Columbia,,,,1939
107,Ninotchka,Metro-Goldwyn-Mayer,,,,1939
108,Of Mice and Men,Hal Roach (production company),,,,1939
109,Stagecoach,Walter Wanger (production company),,,,1939
110,The Wizard of Oz,Metro-Goldwyn-Mayer,,,,1939
111,Wuthering Heights,Samuel Goldwyn Productions,,,,1939
112,,,,,,1940
113,Rebecca,Selznick International Pictures,,,,1940
114,"All This, and Heaven Too",Warner Bros.,,,,1940
115,Foreign Correspondent,Walter Wanger (production company),,,,1940
116,The Grapes of Wrath,20th Century-Fox,,,,1940
117,The Great Dictator,Charles Chaplin Productions,,,,1940
118,Kitty Foyle,RKO Radio,,,,1940
119,The Letter,Warner Bros.,,,,1940
120,The Long Voyage Home,Argosy-Wanger,,,,1940
121,Our Town,Sol Lesser (production company),,,,1940
122,The Philadelphia Story,Metro-Goldwyn-Mayer,,,,1940
123,,,,,,1941
124,How Green Was My Valley,20th Century-Fox,,,,1941
125,Blossoms in the Dust,Metro-Goldwyn-Mayer,,,,1941
126,Citizen Kane,Mercury,,,,1941
127,Here Comes Mr. Jordan,Columbia,,,,1941
128,Hold Back the Dawn,Paramount,,,,1941
129,The Little Foxes,Samuel Goldwyn Productions,,,,1941
130,The Maltese Falcon,Warner Bros.,,,,1941
131,One Foot in Heaven,Warner Bros.,,,,1941
132,Sergeant York,Warner Bros.,,,,1941
133,Suspicion,RKO Radio,,,,1941
134,,,,,,1942
135,Mrs. Miniver,Metro-Goldwyn-Mayer,,,,1942
136,49th Parallel[33],Ortus,,,,1942
137,Kings Row,Warner Bros.,,,,1942
138,The Magnificent Ambersons,Mercury,,,,1942
139,The Pied Piper,20th Century-Fox,,,,1942
140,The Pride of the Yankees,Samuel Goldwyn Productions,,,,1942
141,Random Harvest,Metro-Goldwyn-Mayer,,,,1942
142,The Talk of the Town,Columbia,,,,1942
143,Wake Island,Paramount,,,,1942
144,Yankee Doodle Dandy,Warner Bros.,,,,1942
145,,,,,,1943
146,Casablanca,Warner Bros.,,,,1943
147,For Whom the Bell Tolls,Paramount,,,,1943
148,Heaven Can Wait,20th Century-Fox,,,,1943
149,The Human Comedy,Metro-Goldwyn-Mayer,,,,1943
150,In Which We Serve,Two Cities Films,,,,1943
151,Madame Curie,Metro-Goldwyn-Mayer,,,,1943
152,The More the Merrier,Columbia,,,,1943
153,The Ox-Bow Incident,20th Century-Fox,,,,1943
154,The Song of Bernadette,20th Century-Fox,,,,1943
155,Watch on the Rhine,Warner Bros.,,,,1943
156,,,,,,1944
157,Going My Way,Paramount,,,,1944
158,Double Indemnity,Paramount,,,,1944
159,Gaslight,Metro-Goldwyn-Mayer,,,,1944
160,Since You Went Away,Selznick International Pictures,,,,1944
161,Wilson,20th Century-Fox,,,,1944
162,,,,,,1945
163,The Lost Weekend,Paramount,,,,1945
164,Anchors Aweigh,Metro-Goldwyn-Mayer,,,,1945
165,The Bells of St. Mary's,Rainbow Productions,,,,1945
166,Mildred Pierce,Warner Bros.,,,,1945
167,Spellbound,Selznick International Pictures,,,,1945
168,,,,,,1946
169,The Best Years of Our Lives,Samuel Goldwyn Productions,,,,1946
170,Henry V,Two Cities Films,,,,1946
171,It's a Wonderful Life,Liberty Films,,,,1946
172,The Razor's Edge,20th Century-Fox,,,,1946
173,The Yearling,Metro-Goldwyn-Mayer,,,,1946
174,,,,,,1947
175,Gentleman's Agreement,20th Century-Fox,,,,1947
176,The Bishop's Wife,Samuel Goldwyn Productions,,,,1947
177,Crossfire,RKO Radio,,,,1947
178,Great Expectations,J. Arthur Rank-Cineguild,,,,1947
179,Miracle on 34th Street,20th Century-Fox,,,,1947
180,,,,,,1948
181,Hamlet,J. Arthur Rank-Two Cities Films,,,,1948
182,Johnny Belinda,Warner Bros.,,,,1948
183,The Red Shoes,J. Arthur Rank-Archers,,,,1948
184,The Snake Pit,20th Century-Fox,,,,1948
185,The Treasure of the Sierra Madre,Warner Bros.,,,,1948
186,,,,,,1949
187,All the King's Men,Columbia,,,,1949
188,Battleground,Metro-Goldwyn-Mayer,,,,1949
189,The Heiress,Paramount,,,,1949
190,A Letter to Three Wives,20th Century-Fox,,,,1949
191,Twelve O'Clock High,20th Century-Fox,,,,1949
192,,,,,,1950
193,All About Eve,,20th Century-Fox,,,1950
194,Born Yesterday,,Columbia,,,1950
195,Father of the Bride,,Metro-Goldwyn-Mayer,,,1950
196,King Solomon's Mines,,Metro-Goldwyn-Mayer,,,1950
197,Sunset Boulevard,,Paramount,,,1950
198,,,,,,1951
199,An American in Paris,,Arthur Freed,,,1951
200,Decision Before Dawn,,Anatole Litvak and Frank McCarthy,,,1951
201,A Place in the Sun,,George Stevens,,,1951
202,Quo Vadis,,Sam Zimbalist,,,1951
203,A Streetcar Named Desire,,Charles K. Feldman,,,1951
204,,,,,,1952
205,The Greatest Show on Earth,,Cecil B. DeMille,,,1952
206,High Noon,,Stanley Kramer,,,1952
207,Ivanhoe,,Pandro S. Berman,,,1952
208,Moulin Rouge,,John and James Woolf,,,1952
209,The Quiet Man,,John Ford and Merian C. Cooper,,,1952
210,,,,,,1953
211,From Here to Eternity,,Buddy Adler,,,1953
212,Julius Caesar,,John Houseman,,,1953
213,The Robe,,Frank Ross,,,1953
214,Roman Holiday,,William Wyler,,,1953
215,Shane,,George Stevens,,,1953
216,,,,,,1954
217,On the Waterfront,,Sam Spiegel,,,1954
218,The Caine Mutiny,,Stanley Kramer,,,1954
219,The Country Girl,,William Perlberg,,,1954
220,Seven Brides for Seven Brothers,,Jack Cummings,,,1954
221,Three Coins in the Fountain,,Sol C. Siegel,,,1954
222,,,,,,1955
223,Marty,,Harold Hecht,,,1955
224,Love Is a Many-Splendored Thing,,Buddy Adler,,,1955
225,Mister Roberts,,Leland Hayward,,,1955
226,Picnic,,Fred Kohlmar,,,1955
227,The Rose Tattoo,,Hal B. Wallis,,,1955
228,,,,,,1956
229,Around the World in 80 Days,,Michael Todd,,,1956
230,Friendly Persuasion,,William Wyler,,,1956
231,Giant,,George Stevens and Henry Ginsberg,,,1956
232,The King and I,,Charles Brackett,,,1956
233,The Ten Commandments,,Cecil B. DeMille,,,1956
234,,,,,,1957
235,The Bridge on the River Kwai,,Sam Spiegel,,,1957
236,12 Angry Men,,Henry Fonda and Reginald Rose,,,1957
237,Peyton Place,,Jerry Wald,,,1957
238,Sayonara,,William Goetz,,,1957
239,Witness for the Prosecution,,Arthur Hornblow Jr.,,,1957
240,,,,,,1958
241,Gigi,,Arthur Freed,,,1958
242,Auntie Mame,,Jack L. Warner,,,1958
243,Cat on a Hot Tin Roof,,Lawrence Weingarten,,,1958
244,The Defiant Ones,,Stanley Kramer,,,1958
245,Separate Tables,,Harold Hecht,,,1958
246,,,,,,1959
247,Ben-Hur,,Sam Zimbalist,,,1959
248,Anatomy of a Murder,,Otto Preminger,,,1959
249,The Diary of Anne Frank,,George Stevens,,,1959
250,The Nun's Story,,Henry Blanke,,,1959
251,Room at the Top,,John Woolf and James Woolf,,,1959
252,,,,,,1960
253,The Apartment,,,Billy Wilder,,1960
254,The Alamo,,,John Wayne,,1960
255,Elmer Gantry,,,Bernard Smith,,1960
256,Sons and Lovers,,,Jerry Wald,,1960
257,The Sundowners,,,Fred Zinnemann,,1960
258,,,,,,1961
259,West Side Story,,,Robert Wise,,1961
260,Fanny,,,Joshua Logan,,1961
261,The Guns of Navarone,,,Carl Foreman,,1961
262,The Hustler,,,Robert Rossen,,1961
263,Judgment at Nuremberg,,,Stanley Kramer,,1961
264,,,,,,1962
265,Lawrence of Arabia,,,Sam Spiegel,,1962
266,The Longest Day,,,Darryl F. Zanuck,,1962
267,The Music Man,,,Morton DaCosta,,1962
268,Mutiny on the Bounty,,,Aaron Rosenberg,,1962
269,To Kill a Mockingbird,,,Alan J. Pakula,,1962
270,,,,,,1963
271,Tom Jones,,,Tony Richardson,,1963
272,America America,,,Elia Kazan,,1963
273,Cleopatra,,,Walter Wanger,,1963
274,How the West Was Won,,,Bernard Smith,,1963
275,Lilies of the Field,,,Ralph Nelson,,1963
276,,,,,,1964
277,My Fair Lady,,,Jack L. Warner,,1964
278,Becket,,,Hal B. Wallis,,1964
279,Dr. Strangelove or: How I Learned to Stop Worrying and Love the Bomb,,,Stanley Kubrick,,1964
280,Mary Poppins,,,Walt Disney and Bill Walsh,,1964
281,Zorba the Greek,,,Michael Cacoyannis,,1964
282,,,,,,1965
283,The Sound of Music,,,Robert Wise,,1965
284,Darling,,,Joseph Janni,,1965
285,Doctor Zhivago,,,Carlo Ponti,,1965
286,Ship of Fools,,,Stanley Kramer,,1965
287,A Thousand Clowns,,,Fred Coe,,1965
288,,,,,,1966
289,A Man for All Seasons,,,Fred Zinnemann,,1966
290,Alfie,,,Lewis Gilbert,,1966
291,"The Russians Are Coming, the Russians Are Coming",,,Norman Jewison,,1966
292,The Sand Pebbles,,,Robert Wise,,1966
293,Who's Afraid of Virginia Woolf?,,,Ernest Lehman,,1966
294,,,,,,1967
295,In the Heat of the Night,,,Walter Mirisch,,1967
296,Bonnie and Clyde,,,Warren Beatty,,1967
297,Doctor Dolittle,,,Arthur P. Jacobs,,1967
298,The Graduate,,,Lawrence Turman,,1967
299,Guess Who's Coming to Dinner,,,Stanley Kramer,,1967
300,,,,,,1968
301,Oliver!,,,John Woolf,,1968
302,Funny Girl,,,Ray Stark,,1968
303,The Lion in Winter,,,Martin Poll,,1968
304,"Rachel, Rachel",,,Paul Newman,,1968
305,Romeo and Juliet,,,Anthony Havelock-Allan and John Brabourne,,1968
306,,,,,,1969
307,Midnight Cowboy,,,Jerome Hellman,,1969
308,Anne of the Thousand Days,,,Hal B. Wallis,,1969
309,Butch Cassidy and the Sundance Kid,,,John Foreman,,1969
310,"Hello, Dolly!",,,Ernest Lehman,,1969
311,Z,,,Jacques Perrin and Ahmed Rachedi,,1969
312,,,,,,1970
313,,,,Frank McCarthy,Patton,1970
314,,,,Ross Hunter,Airport,1970
315,,,,Bob Rafelson and Richard Wechsler,Five Easy Pieces,1970
316,,,,Howard G. Minsky,Love Story,1970
317,,,,Ingo Preminger,M*A*S*H,1970
318,,,,,,1971
319,,,,Philip D'Antoni,The French Connection,1971
320,,,,Stanley Kubrick,A Clockwork Orange,1971
321,,,,Norman Jewison,Fiddler on the Roof,1971
322,,,,Stephen J. Friedman,The Last Picture Show,1971
323,,,,Sam Spiegel,Nicholas and Alexandra,1971
324,,,,,,1972
325,,,,Albert S. Ruddy,The Godfather,1972
326,,,,Cy Feuer,Cabaret,1972
327,,,,John Boorman,Deliverance,1972
328,,,,Bengt Forslund,The Emigrants,1972
329,,,,Robert B. Radnitz,Sounder,1972
330,,,,,,1973
331,,,,"Tony Bill, Michael Phillips, and Julia Phillips",The Sting,1973
332,,,,Francis Ford Coppola and Gary Kurtz,American Graffiti,1973
333,,,,Ingmar Bergman,Cries and Whispers,1973
334,,,,William Peter Blatty,The Exorcist,1973
335,,,,Melvin Frank,A Touch of Class,1973
336,,,,,,1974
337,,,,"Francis Ford Coppola, Gray Frederickson, and Fred Roos",The Godfather Part II,1974
338,,,,Robert Evans,Chinatown,1974
339,,,,Francis Ford Coppola,The Conversation,1974
340,,,,Marvin Worth,Lenny,1974
341,,,,Irwin Allen,The Towering Inferno,1974
342,,,,,,1975
343,,,,Michael Douglas and Saul Zaentz,One Flew Over the Cuckoo's Nest,1975
344,,,,Stanley Kubrick,Barry Lyndon,1975
345,,,,Martin Bregman and Martin Elfand,Dog Day Afternoon,1975
346,,,,Richard D. Zanuck and David Brown,Jaws,1975
347,,,,Robert Altman,Nashville,1975
348,,,,,,1976
349,,,,Irwin Winkler and Robert Chartoff,Rocky,1976
350,,,,Walter Coblenz,All the President's Men,1976
351,,,,Robert F. Blumofe and Harold Leventhal,Bound for Glory,1976
352,,,,Howard Gottfried,Network,1976
353,,,,Michael Phillips and Julia Phillips,Taxi Driver,1976
354,,,,,,1977
355,,,,Charles H. Joffe,Annie Hall,1977
356,,,,Ray Stark,The Goodbye Girl,1977
357,,,,Richard Roth,Julia,1977
358,,,,Gary Kurtz,Star Wars,1977
359,,,,Herbert Ross and Arthur Laurents,The Turning Point,1977
360,,,,,,1978
361,,,,"Barry Spikings, Michael Deeley, Michael Cimino, and John Peverall",The Deer Hunter,1978
362,,,,Jerome Hellman,Coming Home,1978
363,,,,Warren Beatty,Heaven Can Wait,1978
364,,,,Alan Marshall and David Puttnam,Midnight Express,1978
365,,,,Paul Mazursky and Anthony Ray,An Unmarried Woman,1978
366,,,,,,1979
367,,,,Stanley R. Jaffe,Kramer vs. Kramer,1979
368,,,,Robert Alan Aurthur,All That Jazz,1979
369,,,,"Francis Ford Coppola, Fred Roos, Gray Frederickson, and Tom Sternberg",Apocalypse Now,1979
370,,,,Peter Yates,Breaking Away,1979
371,,,,Tamara Asseyev and Alex Rose,Norma Rae,1979
372,,,,,,1980
373,Ordinary People,,,Ronald L. Schwary,,1980
374,Coal Miner's Daughter,,,Bernard Schwartz,,1980
375,The Elephant Man,,,Jonathan Sanger,,1980
376,Raging Bull,,,Irwin Winkler and Robert Chartoff,,1980
377,Tess,,,Claude Berri and Timothy Burrill,,1980
378,,,,,,1981
379,Chariots of Fire,,,David Puttnam,,1981
380,Atlantic City,,,Denis Héroux,,1981
381,On Golden Pond,,,Bruce Gilbert,,1981
382,Raiders of the Lost Ark,,,Frank Marshall,,1981
383,Reds,,,Warren Beatty,,1981
384,,,,,,1982
385,Gandhi,,,Richard Attenborough,,1982
386,E.T. the Extra-Terrestrial,,,Steven Spielberg and Kathleen Kennedy,,1982
387,Missing,,,Edward Lewis and Mildred Lewis,,1982
388,Tootsie,,,Sydney Pollack and Dick Richards,,1982
389,The Verdict,,,Richard D. Zanuck and David Brown,,1982
390,,,,,,1983
391,Terms of Endearment,,,James L. Brooks,,1983
392,The Big Chill,,,Michael Shamberg,,1983
393,The Dresser,,,Peter Yates,,1983
394,The Right Stuff,,,Irwin Winkler and Robert Chartoff,,1983
395,Tender Mercies,,,Philip S. Hobel,,1983
396,,,,,,1984
397,Amadeus,,,Saul Zaentz,,1984
398,The Killing Fields,,,David Puttnam,,1984
399,A Passage to India,,,John Brabourne and Richard B. Goodwin,,1984
400,Places in the Heart,,,Arlene Donovan,,1984
401,A Soldier's Story,,,"Norman Jewison, Ronald L. Schwary, and Patrick Palmer",,1984
402,,,,,,1985
403,Out of Africa,,,Sydney Pollack,,1985
404,The Color Purple,,,"Steven Spielberg, Kathleen Kennedy, Frank Marshall, and Quincy Jones",,1985
405,Kiss of the Spider Woman,,,David Weisman,,1985
406,Prizzi's Honor,,,John Foreman,,1985
407,Witness,,,Edward S. Feldman,,1985
408,,,,,,1986
409,Platoon,,,Arnold Kopelson,,1986
410,Children of a Lesser God,,,Burt Sugarman and Patrick J. Palmer,,1986
411,Hannah and Her Sisters,,,Robert Greenhut,,1986
412,The Mission,,,Fernando Ghia and David Puttnam,,1986
413,A Room with a View,,,Ismail Merchant,,1986
414,,,,,,1987
415,The Last Emperor,,,Jeremy Thomas,,1987
416,Broadcast News,,,James L. Brooks,,1987
417,Fatal Attraction,,,Stanley R. Jaffe and Sherry Lansing,,1987
418,Hope and Glory,,,John Boorman,,1987
419,Moonstruck,,,Patrick J. Palmer and Norman Jewison,,1987
420,,,,,,1988
421,Rain Man,,,Mark Johnson,,1988
422,The Accidental Tourist,,,"Lawrence Kasdan, Charles Okun, and Michael Grillo",,1988
423,Dangerous Liaisons,,,Norma Heyman and Hank Moonjean,,1988
424,Mississippi Burning,,,Frederick Zollo and Robert F. Colesberry,,1988
425,Working Girl,,,Douglas Wick,,1988
426,,,,,,1989
427,Driving Miss Daisy,,,Richard D. Zanuck and Lili Fini Zanuck,,1989
428,Born on the Fourth of July,,,A. Kitman Ho and Oliver Stone,,1989
429,Dead Poets Society,,,"Steven Haft, Paul Junger Witt, and Tony Thomas",,1989
430,Field of Dreams,,,Lawrence Gordon and Charles Gordon,,1989
431,My Left Foot,,,Noel Pearson,,1989
432,,,,,,1990
433,Dances with Wolves,,,Jim Wilson and Kevin Costner,,1990
434,Awakenings,,,Walter Parkes and Lawrence Lasker,,1990
435,Ghost,,,Lisa Weinstein,,1990
436,The Godfather Part III,,,Francis Ford Coppola,,1990
437,Goodfellas,,,Irwin Winkler,,1990
438,,,,,,1991
439,The Silence of the Lambs,,,"Edward Saxon, Kenneth Utt, and Ron Bozman",,1991
440,Beauty and the Beast,,,Don Hahn,,1991
441,Bugsy,,,"Mark Johnson, Barry Levinson and Warren Beatty",,1991
442,JFK,,,A. Kitman Ho and Oliver Stone,,1991
443,The Prince of Tides,,,Barbra Streisand and Andrew S. Karsch,,1991
444,,,,,,1992
445,Unforgiven,,,Clint Eastwood,,1992
446,The Crying Game,,,Stephen Woolley,,1992
447,A Few Good Men,,,"David Brown, Rob Reiner, and Andrew Scheinman",,1992
448,Howards End,,,Ismail Merchant,,1992
449,Scent of a Woman,,,Martin Brest,,1992
450,,,,,,1993
451,Schindler's List,,,"Steven Spielberg, Gerald R. Molen, and Branko Lustig",,1993
452,The Fugitive,,,Arnold Kopelson,,1993
453,In the Name of the Father,,,Jim Sheridan,,1993
454,The Piano,,,Jan Chapman,,1993
455,The Remains of the Day,,,"Mike Nichols, John Calley, and Ismail Merchant",,1993
456,,,,,,1994
457,Forrest Gump,,,"Wendy Finerman, Steve Tisch, and Steve Starkey",,1994
458,Four Weddings and a Funeral,,,Duncan Kenworthy,,1994
459,Pulp Fiction,,,Lawrence Bender,,1994
460,Quiz Show,,,"Michael Jacobs, Julian Krainin, Michael Nozik, and Robert Redford",,1994
461,The Shawshank Redemption,,,Niki Marvin,,1994
462,,,,,,1995
463,Braveheart,,,"Mel Gibson, Alan Ladd Jr., and Bruce Davey",,1995
464,Apollo 13,,,Brian Grazer,,1995
465,Babe,,,"Bill Miller, George Miller, and Doug Mitchell",,1995
466,The Postman (Il Postino),,,"Mario Cecchi Gori, Vittorio Cecchi Gori, and Gaetano Daniele",,1995
467,Sense and Sensibility,,,Lindsay Doran,,1995
468,,,,,,1996
469,The English Patient,,,Saul Zaentz,,1996
470,Fargo,,,Ethan Coen,,1996
471,Jerry Maguire,,,"James L. Brooks, Laurence Mark, Richard Sakai, and Cameron Crowe",,1996
472,Secrets & Lies,,,Simon Channing-Williams,,1996
473,Shine,,,Jane Scott,,1996
474,,,,,,1997
475,Titanic,,,James Cameron and Jon Landau,,1997
476,As Good as It Gets,,,"James L. Brooks, Bridget Johnson, and Kristi Zea",,1997
477,The Full Monty,,,Uberto Pasolini,,1997
478,Good Will Hunting,,,Lawrence Bender,,1997
479,L.A. Confidential,,,"Curtis Hanson, Arnon Milchan, and Michael Nathanson",,1997
480,,,,,,1998
481,Shakespeare in Love,,,"David Parfitt, Donna Gigliotti, Harvey Weinstein, Edward Zwick, and Marc Norman",,1998
482,Elizabeth,,,"Alison Owen, Eric Fellner and Tim Bevan",,1998
483,Life Is Beautiful,,,Elda Ferri and Gianluigi Braschi,,1998
484,Saving Private Ryan,,,"Steven Spielberg, Ian Bryce, Mark Gordon, and Gary Levinsohn",,1998
485,The Thin Red Line,,,"Robert Michael Geisler, John Roberdeau, and Grant Hill",,1998
486,,,,,,1999
487,American Beauty,,,Bruce Cohen and Dan Jinks,,1999
488,The Cider House Rules,,,Richard N. Gladstein,,1999
489,The Green Mile,,,Frank Darabont and David Valdes,,1999
490,The Insider,,,Pieter Jan Brugge and Michael Mann,,1999
491,The Sixth Sense,,,"Frank Marshall, Kathleen Kennedy, and Barry Mendel",,1999
492,,,,,,2000
493,Gladiator,,,"Douglas Wick, David Franzoni, and Branko Lustig",,2000
494,Chocolat,,,"David Brown, Kit Golden, and Leslie Holleran",,2000
495,"Crouching Tiger, Hidden Dragon",,,"William Kong, Hsu Li-kong, and Ang Lee",,2000
496,Erin Brockovich,,,"Danny DeVito, Michael Shamberg, and Stacey Sher",,2000
497,Traffic,,,"Edward Zwick, Marshall Herskovitz, and Laura Bickford",,2000
498,,,,,,2001
499,A Beautiful Mind,,,Brian Grazer and Ron Howard,,2001
500,Gosford Park,,,"Robert Altman, Bob Balaban, and David Levy",,2001
501,In the Bedroom,,,"Graham Leader, Ross Katz, and Todd Field",,2001
502,The Lord of the Rings: The Fellowship of the Ring,,,"Peter Jackson, Fran Walsh, and Barrie M. Osborne",,2001
503,Moulin Rouge!,,,"Martin Brown, Baz Luhrmann, and Fred Baron",,2001
504,,,,,,2002
505,Chicago,,,Martin Richards,,2002
506,Gangs of New York,,,Alberto Grimaldi and Harvey Weinstein,,2002
507,The Hours,,,Scott Rudin and Robert Fox,,2002
508,The Lord of the Rings: The Two Towers,,,"Barrie M. Osborne, Fran Walsh, and Peter Jackson",,2002
509,The Pianist,,,"Roman Polanski, Robert Benmussa, and Alain Sarde",,2002
510,,,,,,2003
511,The Lord of the Rings: The Return of the King,,,"Barrie M. Osborne, Peter Jackson, and Fran Walsh",,2003
512,Lost in Translation,,,Ross Katz and Sofia Coppola,,2003
513,Master and Commander: The Far Side of the World,,,"Samuel Goldwyn Jr., Peter Weir, and Duncan Henderson",,2003
514,Mystic River,,,"Robert Lorenz, Judie G. Hoyt, and Clint Eastwood",,2003
515,Seabiscuit,,,"Kathleen Kennedy, Frank Marshall, and Gary Ross",,2003
516,,,,,,2004
517,Million Dollar Baby,,,"Clint Eastwood, Albert S. Ruddy, and Tom Rosenberg",,2004
518,The Aviator,,,Michael Mann and Graham King,,2004
519,Finding Neverland,,,Richard N. Gladstein and Nellie Bellflower,,2004
520,Ray,,,"Taylor Hackford, Stuart Benjamin, and Howard Baldwin",,2004
521,Sideways,,,Michael London,,2004
522,,,,,,2005
523,Crash,,,Paul Haggis and Cathy Schulman,,2005
524,Brokeback Mountain,,,Diana Ossana and James Schamus,,2005
525,Capote,,,"Caroline Baron, William Vince, and Michael Ohoven",,2005
526,"Good Night, and Good Luck",,,Grant Heslov,,2005
527,Munich,,,"Steven Spielberg, Kathleen Kennedy, and Barry Mendel",,2005
528,,,,,,2006
529,The Departed,,,Graham King,,2006
530,Babel,,,"Alejandro González Iñárritu, Steve Golin, and Jon Kilik",,2006
531,Letters from Iwo Jima,,,"Clint Eastwood, Steven Spielberg, and Robert Lorenz",,2006
532,Little Miss Sunshine,,,"David T. Friendly, Peter Saraf, and Marc Turtletaub",,2006
533,The Queen,,,"Andy Harries, Christine Langan, and Tracey Seaward",,2006
534,,,,,,2007
535,No Country for Old Men,,,"Scott Rudin, Joel Coen, and Ethan Coen",,2007
536,Atonement,,,"Tim Bevan, Eric Fellner, and Paul Webster",,2007
537,Juno,,,"Lianne Halfon, Mason Novick, and Russell Smith",,2007
538,Michael Clayton,,,"Jennifer Fox, Kerry Orent, and Sydney Pollack",,2007
539,There Will Be Blood,,,"Paul Thomas Anderson, Daniel Lupi, and JoAnne Sellar",,2007
540,,,,,,2008
541,Slumdog Millionaire,,,Christian Colson,,2008
542,The Curious Case of Benjamin Button,,,"Kathleen Kennedy, Frank Marshall, and Ceán Chaffin",,2008
543,Frost/Nixon,,,"Ron Howard, Brian Grazer, and Eric Fellner",,2008
544,Milk,,,Bruce Cohen and Dan Jinks,,2008
545,The Reader,,,"Anthony Minghella, Sydney Pollack, Donna Gigliotti, and Redmond Morris",,2008
546,,,,,,2009
547,The Hurt Locker,,,"Kathryn Bigelow, Mark Boal, Nicolas Chartier, and Greg Shapiro",,2009
548,Avatar,,,James Cameron and Jon Landau,,2009
549,The Blind Side,,,"Gil Netter, Andrew A. Kosove, and Broderick Johnson",,2009
550,District 9,,,Peter Jackson and Carolynne Cunningham,,2009
551,An Education,,,Finola Dwyer and Amanda Posey,,2009
552,Inglourious Basterds,,,Lawrence Bender,,2009
553,Precious: Based on the Novel 'Push' by Sapphire,,,"Lee Daniels, Sarah Siegel-Magness, and Gary Magness",,2009
554,A Serious Man,,,Joel Coen and Ethan Coen,,2009
555,Up,,,Jonas Rivera,,2009
556,Up in the Air,,,"Daniel Dubiecki, Ivan Reitman, and Jason Reitman",,2009
557,,,,,,2010
558,The King's Speech,,,"Iain Canning, Emile Sherman, and Gareth Unwin",,2010
559,127 Hours,,,"Danny Boyle, John Smithson, and Christian Colson",,2010
560,Black Swan,,,"Scott Franklin, Mike Medavoy, and Brian Oliver",,2010
561,The Fighter,,,"David Hoberman, Todd Lieberman, and Mark Wahlberg",,2010
562,Inception,,,Christopher Nolan and Emma Thomas,,2010
563,The Kids Are All Right,,,"Gary Gilbert, Jeffrey Levy-Hinte, and Celine Rattray",,2010
564,The Social Network,,,"Dana Brunetti, Ceán Chaffin, Michael De Luca, and Scott Rudin",,2010
565,Toy Story 3,,,Darla K. Anderson,,2010
566,True Grit,,,"Joel Coen, Ethan Coen, and Scott Rudin",,2010
567,Winter's Bone,,,Alix Madigan and Anne Rosellini,,2010
568,,,,,,2011
569,The Artist,,,Thomas Langmann,,2011
570,The Descendants,,,"Jim Burke, Alexander Payne, and Jim Taylor",,2011
571,Extremely Loud & Incredibly Close,,,Scott Rudin,,2011
572,The Help,,,"Brunson Green, Chris Columbus, and Michael Barnathan",,2011
573,Hugo,,,Graham King and Martin Scorsese,,2011
574,Midnight in Paris,,,Letty Aronson and Stephen Tenenbaum,,2011
575,Moneyball,,,"Michael De Luca, Rachael Horovitz, and Brad Pitt",,2011
576,The Tree of Life,,,"Sarah Green, Bill Pohlad, Dede Gardner, and Grant Hill",,2011
577,War Horse,,,Steven Spielberg and Kathleen Kennedy,,2011
578,,,,,,2012
579,Argo,,,"Grant Heslov, Ben Affleck, and George Clooney",,2012
580,Amour,,,"Margaret Menegoz, Stefan Arndt, Veit Heiduschka, and Michael Katz",,2012
581,Beasts of the Southern Wild,,,"Dan Janvey, Josh Penn, and Michael Gottwald",,2012
582,Django Unchained,,,"Stacey Sher, Reginald Hudlin, and Pilar Savone",,2012
583,Life of Pi,,,"Gil Netter, Ang Lee, and David Womark",,2012
584,Lincoln,,,Steven Spielberg and Kathleen Kennedy,,2012
585,Les Misérables,,,"Tim Bevan, Eric Fellner, Debra Hayward, and Cameron Mackintosh",,2012
586,Silver Linings Playbook,,,"Donna Gigliotti, Bruce Cohen, and Jonathan Gordon",,2012
587,Zero Dark Thirty,,,"Mark Boal, Kathryn Bigelow, and Megan Ellison",,2012
588,,,,,,2013
589,12 Years a Slave,,,"Brad Pitt, Dede Gardner, Jeremy Kleiner, Steve McQueen, and Anthony Katagas",,2013
590,American Hustle,,,"Charles Roven, Richard Suckle, Megan Ellison, and Jonathan Gordon",,2013
591,Captain Phillips,,,"Scott Rudin, Dana Brunetti, and Michael De Luca",,2013
592,Dallas Buyers Club,,,Robbie Brenner and Rachel Winter,,2013
593,Gravity,,,Alfonso Cuarón and David Heyman,,2013
594,Her,,,"Megan Ellison, Spike Jonze, and Vincent Landay",,2013
595,Nebraska,,,Albert Berger and Ron Yerxa,,2013
596,Philomena,,,"Gabrielle Tana, Steve Coogan, and Tracey Seaward",,2013
597,The Wolf of Wall Street,,,"Martin Scorsese, Leonardo DiCaprio, Joey McFarland, and Emma Tillinger Koskoff",,2013
598,,,,,,2014
599,Birdman or (The Unexpected Virtue of Ignorance),,,"Alejandro G. Iñárritu, John Lesher, and James W. Skotchdopole",,2014
600,American Sniper,,,"Clint Eastwood, Andrew Lazar, Robert Lorenz, Bradley Cooper, and Peter Morgan",,2014
601,Boyhood,,,Richard Linklater and Cathleen Sutherland,,2014
602,The Grand Budapest Hotel,,,"Wes Anderson, Scott Rudin, Steven M. Rales, and Jeremy Dawson",,2014
603,The Imitation Game,,,"Nora Grossman, Ido Ostrowsky, and Teddy Schwarzman",,2014
604,Selma,,,"Christian Colson, Oprah Winfrey, Dede Gardner, and Jeremy Kleiner",,2014
605,The Theory of Everything,,,"Tim Bevan, Eric Fellner, Lisa Bruce, and Anthony McCarten",,2014
606,Whiplash,,,"Jason Blum, Helen Estabrook, and David Lancaster",,2014
607,,,,,,2015
608,Spotlight,,,"Blye Pagon Faust, Steve Golin, Nicole Rocklin, and Michael Sugar",,2015
609,The Big Short,,,"Dede Gardner, Jeremy Kleiner, and Brad Pitt",,2015
610,Bridge of Spies,,,"Steven Spielberg, Marc Platt, and Kristie Macosko Krieger",,2015
611,Brooklyn,,,Finola Dwyer and Amanda Posey,,2015
612,Mad Max: Fury Road,,,Doug Mitchell and George Miller,,2015
613,The Martian,,,"Simon Kinberg, Ridley Scott, Michael Schaefer, and Mark Huffam",,2015
614,The Revenant,,,"Arnon Milchan, Steve Golin, Alejandro G. Iñárritu, Mary Parent, and Keith Redmon",,2015
615,Room,,,Ed Guiney,,2015
616,,,,,,2016
617,Moonlight,,,"Adele Romanski, Dede Gardner, and Jeremy Kleiner",,2016
618,Arrival,,,"Shawn Levy, Dan Levine, Aaron Ryder, and David Linde",,2016
619,Fences,,,"Scott Rudin, Denzel Washington, and Todd Black",,2016
620,Hacksaw Ridge,,,Bill Mechanic and David Permut,,2016
621,Hell or High Water,,,Carla Hacken and Julie Yorn,,2016
622,Hidden Figures,,,"Donna Gigliotti, Peter Chernin, Jenno Topping, Pharrell Williams, and Theodore Melfi",,2016
623,La La Land,,,"Fred Berger, Jordan Horowitz, and Marc Platt",,2016
624,Lion,,,"Emile Sherman, Iain Canning, and Angie Fielder",,2016
625,Manchester by the Sea,,,"Matt Damon, Kimberly Steward, Chris Moore, Lauren Beck, and Kevin J. Walsh",,2016
626,,,,,,2017
627,The Shape of Water,,,Guillermo del Toro and J. Miles Dale,,2017
628,Call Me by Your Name,,,"Peter Spears, Luca Guadagnino, Emilie Georges, and Marco Morabito",,2017
629,Darkest Hour,,,"Tim Bevan, Eric Fellner, Lisa Bruce, Anthony McCarten, and Douglas Urbanski",,2017
630,Dunkirk,,,Emma Thomas and Christopher Nolan,,2017
631,Get Out,,,"Sean McKittrick, Jason Blum, Edward H. Hamm Jr., and Jordan Peele",,2017
632,Lady Bird,,,"Scott Rudin, Eli Bush, and Evelyn O'Neill",,2017
633,Phantom Thread,,,"JoAnne Sellar, Paul Thomas Anderson, Megan Ellison, and Daniel Lupi",,2017
634,The Post,,,"Amy Pascal, Steven Spielberg, and Kristie Macosko Krieger",,2017
635,"Three Billboards Outside Ebbing, Missouri",,,"Graham Broadbent, Pete Czernin, and Martin McDonagh",,2017
636,,,,,,2018
637,Green Book,,,"Jim Burke, Charles B. Wessler, Brian Currie, Peter Farrelly, and Nick Vallelonga",,2018
638,Black Panther,,,Kevin Feige,,2018
639,BlacKkKlansman,,,"Sean McKittrick, Jason Blum, Raymond Mansfield, Jordan Peele, and Spike Lee",,2018
640,Bohemian Rhapsody,,,Graham King,,2018
641,The Favourite,,,"Ceci Dempsey, Ed Guiney, Lee Magiday, and Yorgos Lanthimos",,2018
642,Roma,,,Gabriela Rodríguez and Alfonso Cuarón,,2018
643,A Star Is Born,,,"Bill Gerber, Bradley Cooper, and Lynette Howell Taylor",,2018
644,Vice,,,"Dede Gardner, Jeremy Kleiner, Adam McKay, and Kevin Messick",,2018
645,,,,,,2019
646,Parasite,,,Kwak Sin-ae and Bong Joon-ho,,2019
647,Ford v Ferrari,,,"Peter Chernin, Jenno Topping, and James Mangold",,2019
648,The Irishman,,,"Martin Scorsese, Robert De Niro, Jane Rosenthal, and Emma Tillinger Koskoff",,2019
649,Jojo Rabbit,,,"Carthew Neal, Taika Waititi, and Chelsea Winstanley",,2019
650,Joker,,,"Todd Phillips, Bradley Cooper, and Emma Tillinger Koskoff",,2019
651,Little Women,,,Amy Pascal,,2019
652,Marriage Story,,,Noah Baumbach and David Heyman,,2019
653,1917,,,"Sam Mendes, Pippa Harris, Jayne-Ann Tenggren, and Callum McDougall",,2019
654,Once Upon a Time in Hollywood,,,"David Heyman, Shannon McIntosh, and Quentin Tarantino",,2019
655,,,,,,2020
656,Nomadland,,,"Frances McDormand, Peter Spears, Mollye Asher, Dan Janvey, and Chloé Zhao",,2020
657,The Father,,,"David Parfitt, Jean-Louis Livi, and Philippe Carcassonne",,2020
658,Judas and the Black Messiah,,,"Shaka King, Charles D. King, and Ryan Coogler",,2020
659,Mank,,,"Ceán Chaffin, Eric Roth, and Douglas Urbanski",,2020
660,Minari,,,Christina Oh,,2020
661,Promising Young Woman,,,"Ben Browning, Ashley Fox, Emerald Fennell, and Josey McNamara",,2020
662,Sound of Metal,,,Bert Hamelinck and Sacha Ben Harroche,,2020
663,The Trial of the Chicago 7,,,Marc Platt and Stuart M. Besser,,2020
664,,,,,,2021
665,CODA,,,"Philippe Rousselet, Fabrice Gianfermi, and Patrick Wachsberger",,2021
666,Belfast,,,"Laura Berwick, Kenneth Branagh, Becca Kovacik, and Tamar Thomas",,2021
667,Don't Look Up,,,Adam McKay and Kevin Messick,,2021
668,Drive My Car,,,Teruhisa Yamamoto,,2021
669,Dune,,,"Mary Parent, Denis Villeneuve, and Cale Boyter",,2021
670,King Richard,,,"Tim White, Trevor White, and Will Smith",,2021
671,Licorice Pizza,,,"Sara Murphy, Adam Somner, and Paul Thomas Anderson",,2021
672,Nightmare Alley,,,"J. Miles Dale, Guillermo del Toro, and Bradley Cooper",,2021
673,The Power of the Dog,,,"Emile Sherman, Iain Canning, Roger Frappier, Jane Campion, and Tanya Seghatchian",,2021
674,West Side Story,,,Steven Spielberg and Kristie Macosko Krieger,,2021
